FEDO DIDDY,FIDDY
pepe,PEPE
DAFFER,DAFFER
SOMSUNG,SOM
VVINYL,VVNL
cat in a dogs world,MEW
Pixel by Pixel,PbP
WUT,WUT
BETTA Fish Coin,BETTA
Leonardo DiCaprio,DiCaprio
üê∫SORA RACCOON,üê∫SORA
Fox In a Cats World,MAUWG
BASED SMOLE ,BSMOLE
Baked Pink Cat,BPCAT
EDDIE,EDDIE
Stick to Crypto,STIKT
SNAP,$NAP
Kektain Soylana,KEK
8TRUMP,8TRUMP
SLERF,SLERF
GRUMPY,GRUMPY
Teh Pyrate Bey,LOOT
Eagle,EAGLE
QuokkaCoin,Quokka
pepe,PEPE
pepe,PEPE
Oxygen Protocol,OXY
Queen Bonk,QUEENBONK
Dark Trump,TRAMP
pepe,PEPE
SolTeer,TEER
TOP G,VENOM
Raydium,RAY
pepe,PEPE
BlockMate,MATE
pepe,PEPE
Perpeh the Frog,$PERPEH
Bum Money,BUM
nubcat,nub
Pepe Is Money Printer,PIMP
Dawg In a Degen World,DAWG 
canwifhat,CAN
HamsterWifHat,HWH
solfiles,FILES
DogWifNoTail,NTAIL
long boi,long
pepe,PEPE
Satoshi Marley,SMARLEY
doland tremp,tremp
Wrapped SOL,SOL
pepe,PEPE
WUREN BLUEFET,BERKSHIRE
pepe,PEPE
MAX THE GOAT,MTG
borgir so tasty,borgir
KAKA,KAKA
Solana Ecosystem Index,SOLI
pepe,PEPE
pepe,PEPE
üçì Grok Strawberry,üçìGROS
CatWifHat,$cif
PEBBLE,PBLE
Moutai,Moutai
jeo boden,boden
ü•• Baby Sora Coconut,$BSOCO
pepe,PEPE
pepe,PEPE
Solter White,SOLTER
pepe,PEPE
pepe,PEPE
pepe,PEPE
SolCloud,CLOUD
Ligma Node,LIGMA
pepe,PEPE
EverGrowSol,EGS
pepe,PEPE
Shiba Inu on Solana,SHIBSOL
Rex,REX
Generational Web Wealth,Web Wealth
Big Chungus,CHUNG
PUNDU,PUNDU
pepe,PEPE
SLERF2.0,SLERF
Nosana,NOS
WIFTRUMP,TROMP
Solcasino Token,SCS
MEMEBEAN,MEMEBEAN
SolShield,SHIELD
Som Bonkmon Fraud,SBF
Nobiko Coin,LONG
Dial Up Internet,AOL
Pee-diddy ,diddy
Whales Market,WHALES
Dawkoins,DAW
HARAMBE,HARAMBE
SolMint,SolMint
Som Bonkmon Fraud,SBF
Elon Meowsk,MEOWSK
Doge Marley,MARLEY
LET HIM RUN,GUMP
BUKELE,BUKL
pepe,PEPE
FLOYD WIF HAT,FLOYDWIF
USD Coin,USDC
Mike Tython,$THAVAGE
SHIBONK,SBONK
Popcat,POPCAT
dogwifhat,$WIF
Chadimir Putni,PUTNI
VENOM,VENOM
PONKE,PONKE
pepe,PEPE
Nala,NALA
Capo Was Right,CWR
BONKLANA,BOK
White Solana,white
pepe,PEPE
Baked Pink Cat,BPCAT
Pete the Cat,PETE
POLLO,POLLO
HMM,HMM
catwifbag,BAG
pepe,PEPE
Peng,PENG
Banana,BANANA
Orange Pepe Bad,OPB
pepe,PEPE
Teh Weit Hoes,TWH
GYATTT,GYATTT
CUM,CUM
pepe,PEPE
MC DEVVO,DEVVO
Helium Network Token,HNT
SolCard,SOLC
Catcoin,CAT
BlazeStake Staked SOL (bSOL),bSOL
Duko,DUKO
Wen,WEN
SHAD Token,SHAD
White Tramp T,WTRAMP
Artrade Token,ATR
pepe,PEPE
pepe,PEPE
 CrazyPepe,CrazyPepe
 BOOK OF MEME,BOME
USDT,USDT
FuckSnoopy,FuckSnoopy
pepe,PEPE
CAPYBARA,CAPY
gogowifcone,GOGO
pepe,PEPE
Green Dildo Queen,TEXASS
pepe,PEPE
powpe francis,childeater
pepe,PEPE
üßü‚Äç‚ôÄSora Zoombie,$SOZO
KOBE,KOBE
BPEPE,BPEPE
pepe,PEPE
Solter White,SOLTER
Sol X,SOLX
shrek,SHREK
Solcasino Token,SCS
Som Bonkmon Fraud,SBF
DistractedTom,MEME
pepe,PEPE
SHRKOK,SHROK
Gold Standard,Gold
pepe,PEPE
Dawkoins,DAW
pepe,PEPE
CapyChonk,CAPY
Wrapped SOL,SOL
CHLOE,CHLOE
Nala,NALA
Bull Gayts,BullGayts
pepe,PEPE
MonkeyBucks,MBS
pepe,PEPE
pepe,PEPE
 CrazyPepe,CrazyPepe
USD Coin,USDC
pepe,PEPE
DogWifparaSol,PARSOL
pepe,PEPE
Saber Protocol Token,SBR
TRUMP Pump,$TRUMP
VENOM,VENOM
BUPE,BUPE
Ladyf,LADYF
NOUNS,NOUNS
Wen Dog,DEN
pepe,PEPE
pepe,PEPE
Andy,ANDY
Catcoin,CAT
 BOOK OF MEME,BOME
CAPYBARA,CAPY
vegan eat meat,$VEM
Cat Soldier,cats
Dither,DITH
dogwifhat,$WIF
Cirque Du Sol,CIRCUS
ALAN AI,ALANAI
pepe,PEPE
pepe,PEPE
pepe,PEPE
pepe,PEPE
pepe,PEPE
pepe,PEPE
Ryun Garzia,RYUN
pepe,PEPE
pepe,PEPE
GEWTTHEGOAT,GEWT
SolMail,Mail
pepe,PEPE
dogwifhat,$WIF
SLERF,SLERF
pepe,PEPE
pepe,PEPE
Bull Gayts,BullGayts
Solgram,GRAM
pepe,PEPE
CHLOE,CHLOE
üêí Bored Pepe Ape,üêíBOPEA
Apple Cat,acat
pepe,PEPE
RudyWifHat,RIF
NOUNS,NOUNS
Doge Marley,MARLEY
pepe,PEPE
Trump Election,TRUMPE
Som Bonkmon Fraud,SBF
duckwifcig,CIG
jeo boden,boden
pepe,PEPE
pepe,PEPE
pepe,PEPE
pepe,PEPE
pepe,PEPE
Hunter Boden,HuntBoden
Solcasino Token,SCS
pepe,PEPE
Soli-Fi,SFi
adulph hidler,HIDLER
pepe,PEPE
Solana CAT,SCAT
pepe,PEPE
CAPYBARA,CAPY
VENOM,VENOM
Fat Upper Pussy Area,FUPA
pepe,PEPE
Dawkoins,DAW
WHALY,WHALY
Justin Beaver,BEAVER
solfiles,FILES
SHRKOK,SHROK
USD Coin,USDC
pepe,PEPE
WHY SO HYPED?,WSH
Solter White,SOLTER
Pixel by Pixel,PbP
DEDO DIDDY,DIDDY
pepe,PEPE
Prinsus Diedanna,DIANNA
pepe,PEPE
pepe,PEPE
Compass SOL,compassSOL
SolSpend,SPEND
Wrapped SOL,SOL
Cat Soldier,cats
Jupiter,JUP
USDT,USDT
pepe,PEPE
pepe,PEPE
Ape,APE
SolGirls,SOLGIRLS
Temple Pharmacy,TEMPLE
Moutai,Moutai
Oh duck ,OHDUCK
Just An Egg,EGG
CapyChonk,CAPY
BlockMate,MATE
SolBuy,BUY
Som Bonkmon Fraud,SBF
Trump Election,TRUMPE
dev is chill like that,chilldev
Tramp Fan,TRAMPF
Banana,BANANA
pepe,PEPE
pepe,PEPE
pepe,PEPE
Solana Pool,8BALL
Rex,REX
Cirque Du Sol,CIRCUS
pepe,PEPE
pepe,PEPE
CapyChonk,CAPY
jeo boden,boden
Solcasino Token,SCS
pepe,PEPE
pepe,PEPE
pepe,PEPE
Gaimin Token (Wormhole),GMRX
Cream,CREAM
Monkey,MONKEY
DiCaprio,Cheers
BUPE,BUPE
Kitten Haimer,KHAI
Shibasso,SHIBASSO
Soli-Fi,SFi
FudEx,FUDEX
Solana CAT,SCAT
nubcat,nub
CAPYBARA,CAPY
SMOL,SMOL
 CrazyPepe,CrazyPepe
SolTracker,TRACKER
Hunter Boden,HuntBoden
Dawkoins,DAW
 Smog,SMOG
WHY SO HYPED?,WSH
Tholana,THOL
SoylanaManletCaptainZ,ANSEM
solfiles,FILES
NOOT,NOOT
Wen Dog,DEN
pepe,PEPE
pepe,PEPE
Lurry Pink,$BlackRock
Mike Tython,$THAVAGE
Raydium,RAY
Silly Dragon,SILLY
Pixel by Pixel,PbP
WHY SO HYPED?,WSH
Real Smurf Cat-—à–∞–π–ª—É—à–∞–π,SMURF
Anxiety Cat,ANXCAT
pepe,PEPE
USD Coin,USDC
Leonardo DiCaprio,DiCaprio
pepe,PEPE
SolSpend,SPEND
orbitt_ai,Orbitt
Wrapped SOL,SOL
Solter White,SOLTER
Crying Cat,CRYCAT
canwifhat,CAN
yourmom,yourmom
USDT,USDT
BOBAOPPA,$BOBAOPPA
MONEY Bot,MONEYBOT
Som Bonkmon Fraud,SBF
Overlyattached Cat,OCAT
pepe,PEPE
Gotcha!,GOTCH
pepe,PEPE
JoeBodenDolandTrempBerikObema,WAGMI
Orbitt Pro (SOL),ORBT
KEIKO,KEIKO
TRUMP Pump,$TRUMP
GAD FO ESMEME,$GAD
BUPE,BUPE
üéÉ THE GRINCH WIF DOG,$GRINCH
Wrapped SOL,SOL
duckwifcig,CIG
NINJA,NINJA
nubbear,nubbear
Temu,Temu
Coughing Cat,CCAT
pepe,PEPE
doland tremp,tremp
KOALA AI,KOKO
Crying Cat,CRYCAT
HAMI,HAMI
pepe,PEPE
Costco Cheese Pizza,PIZZA
pepe,PEPE
pepe,PEPE
pepe,PEPE
Sol Cash,SolCash
Dawkoins,DAW
Doge Lifts,DYEL
Anxiety Cat,ANXCAT
an DROID Bot,ANBOT
CAPYBARA,CAPY
pepe,PEPE
Berf,BERF
USD Coin,USDC
Barron Tremp,BarrTremp
pepe,PEPE
catwifbag,BAG
Wen Dog,DEN
Cirque Du Sol,CIRCUS
White Solana,white
NOUNS,NOUNS
WHY SO HYPED?,WSH
SolGirls,SOLGIRLS
pepe,PEPE
Dead Bear Inc,SCUM
pepe,PEPE
pepe,PEPE
üê∫SORA RACCOON,üê∫SORA
Solter White,SOLTER
pepe,PEPE
Mork Zockurbar,MorkZuck
moonwifus,WIFUS
MemeCoinDAOai,MEMES
Nala,NALA
pepe,PEPE
GRUMPY,GRUMPY
an DROID Bot,ANBOT
Mork Zockurbar,MorkZuck
üéÉ THE GRINCH WIF DOG,$GRINCH
nubcat,nub
ROOST,ROOST
Polite Cat,PCAT
poepe,POEPE
pepe,PEPE
pepe,PEPE
Gotcha!,GOTCH
Ape,APE
Costco Cheese Pizza,PIZZA
USDT,USDT
SolSpend,SPEND
Solana Pool,8BALL
pepe,PEPE
moonwifus,WIFUS
solfiles,FILES
pepe,PEPE
WHY SO HYPED?,WSH
Elon Meowsk,MEOWSK
BLUE GATES,MICROSOFT
catwifbag,BAG
Ligma Node,LIGMA
SCARED CAT,SCARED
Dawkoins,DAW
Solana Meme,SOLMEME
BlazeStake Staked SOL (bSOL),bSOL
Big Barry,$BARRY
pepe,PEPE
Crying Cat,CRYCAT
Solter White,SOLTER
Thunder Bot,THOR
WHALY,WHALY
Doge Marley,MARLEY
Doge Shrek,DOGESHREK
Lurry Pink,$BlackRock
pee diddy,DIDDY
BLOW,BLOW
Dither,DITH
Byte (Wormhole),BYTE
pepe,PEPE
WOOFENOMICS,WOOF
CAPYBARA,CAPY
pepe,PEPE
OmniCat (Wormhole),OMNI
Albert,ALBERT
Wrapped SOL,SOL
Big Chungus,CHUNG
HAHICO,HAHICO
pepe,PEPE
pepe,PEPE
CHEX,CHEX
SOLAMAMM,SOLAMAMM
pepe,PEPE
pepe,PEPE
pepe,PEPE
pepe,PEPE
RudyWifHat,RIF
pepe,PEPE
Wen Dog,DEN
Thavageonsol,THAVAGE
pepe,PEPE
pepe,PEPE
Coughing Cat,CCAT
doland tremp,tremp
USD Coin,USDC
Memes Millionaires,MEMI
Popcat,POPCAT
pepe,PEPE
 Smog,SMOG
Orbitt Pro (SOL),ORBT
Artrade Token,ATR
pepe,PEPE
‚ú® ASI VISION BONK,‚ú®AVB
pepe,PEPE
Sol Cash,SolCash
Peng,PENG
jeo boden,boden
GameStop,GME
Solanium,SLIM
PepeFork,PORK
dogwifhat,$WIF
Success Kid,SKID
Bot of Meme,BOM
Homie,HOMIE
pepe,PEPE
Fart Cat,FART
Solana Off Switch,OFF
1 man 1 jar ,dontgoogle
Tombili the Fat Cat,FATCAT
Mumu the Bull,MUMU
Abble,AABL
TWTR,TWTR
Wen,WEN
SLERF,SLERF
Rex,REX
ChickenAndEgg,üê£
John MogAfee ,MOGGD
Michael Jackson,$HEEHEE
Temple Pharmacy,TEMPLE
Crypto Zombie,CZ
BUPE,BUPE
pepe,PEPE
PDT,PDT
Cats Of Sol,COS
Frenzy,Frenzy
pepe,PEPE
ZEEPR,ZEEP
David Moggins,MOGGINS
Kanye's Gator,YATOR
BLUE GATES,MICROSOFT
Camel,üê´
MY HERO,LEBRON
Leonardo DiCaprio,DiCaprio
AIMARS,AIMARS
GAD FO ESMEME,$GAD
‚ö°Toothless Thunder Dragon,‚ö°TTD
Som Bonkmon Fraud,SBF
pepe,PEPE
Tramp Fan,TRAMPF
NOUNS,NOUNS
pepe,PEPE
pepe,PEPE
DiCaprio,Cheers
Solsend,SEND
pepe,PEPE
HISTORY OF PEPE,$HOP
Pyth Network,PYTH
Yoshi,YOSHI
nubcat,nub
bozo,bozo
SolGraph,GRAPH
Solchat,CHAT
USDT,USDT
SolSpend,SPEND
hatwifdog,FIW
solfiles,FILES
pepe,PEPE
Sloth On Speed,SPEED
Raydium,RAY
Ligma Node,LIGMA
DORK,$DORK
pepe,PEPE
Dawkoins,DAW
catwifbag,BAG
Myro,$MYRO
BLUE GATES,MICROSOFT
pepe,PEPE
PUNDU,PUNDU
dogwifglasses,dvg
Silly Dragon,SILLY
GEWTTHEGOAT,GEWT
Solter White,SOLTER
canwifhat,CAN
ANAL,ANALGANG
RETARDIO,RETARDIO
pepe,PEPE
Frog Wif Hat,FROWIF
HARAMBE,HARAMBE
Jupiter,JUP
Wrapped SOL,SOL
CAPYBARA,CAPY
pepe,PEPE
VENOM,VENOM
Albert,ALBERT
JiffPom,JIFFPOM
pepe,PEPE
pepe,PEPE
ü§ñ ASI FETCH.AI,$ASI
pepe,PEPE
pepe,PEPE
pepe,PEPE
cat in a dogs world,MEW
pepe,PEPE
kucoin wif hat,KUCOINWIF
pepe,PEPE
RudyWifHat,RIF
Blockchain Operating System,SBOS
ü•• Baby Sora Coconut,$BSOCO
USD Coin,USDC
Popcat,POPCAT
Cash,CASH
pepe,PEPE
pepe,PEPE
‚ú® ASI VISION BONK,‚ú®AVB
Epep,EPEP
Peng,PENG
pepe,PEPE
jeo boden,boden
Nobiko Coin,LONG
dogwifhat,$WIF
Bonk,Bonk
Wen,WEN
Solana Off Switch,OFF
pepe,PEPE
Mumu the Bull,MUMU
ChickenAndEgg,üê£
Michael Jackson,$HEEHEE
pepe,PEPE
pepe,PEPE
SLERF,SLERF
Rex,REX
pepe,PEPE
Blekrok,$BLEK
BOOK OF MEME,BOME
pepe,PEPE
Solama,SOLAMA
BUPE,BUPE
pepe,PEPE
pepe,PEPE
smolecoin,smole
pepe,PEPE
Leonardo DiCaprio,DiCaprio
Taylor Swift's Cat,BENJI
Tremp Thru KHole,KHREMP
pepe,PEPE
Publix,Publix
Som Bonkmon Fraud,SBF
Render Token,RENDER
pepe,PEPE
DiCaprio,Cheers
BUPE,BUPE
Solter White,SOLTER
pepe,PEPE
pepe,PEPE
Blockbuster,$Block
DiCaprio,Cheers
USDT,USDT
BookOfDerp,BODE
BLUE GATES,MICROSOFT
DANKMAMA,DANKMAMA
‚ú® ASI VISION BONK,‚ú®AVB
Flock,FLOCK
pepe,PEPE
Leonardo DiCaprio,DiCaprio
GYATTT,GYATTT
Jupiter,JUP
Wrapped SOL,SOL
Success Kid,SKID 
Chirpy,CHIRPY
Bruv,BRUV
Likeaboss,LAB
pepe,PEPE
USD Coin,USDC
Cash,CASH
Jaff Balzos,JBS
Solana Off Switch,OFF
pepe,PEPE
Baby,BABY
Jews did 911 ,JEWS 
Homecoin,HOME
Shark Cat,SC
pepe,PEPE
ü§ñ ASI FETCH.AI,$ASI
Shibasso,SHIBASSO
bozo,bozo
Tonk Inu,TONK
gemoy,Gemoy
FudEx,FUDEX
YOUR AI (Wormhole),YOURAI
K-Pop,KPOP
WOJACKS,WOJ
SolSpend,SPEND
A Gently Used 2001 Honda Civic,USEDCAR
HARAMBE,HARAMBE
Orbitt Token,ORBT
GAD FO ESMEME,$GAD
moonwifus,WIFUS
SHERKCET,SHERKCET
pepe,PEPE
Prinsus Diedanna,DIANNA
catwifbag,BAG
Som BankMine Freed,SBF
pepe,PEPE
Som Bonkmon Fraud,SBF
pepe,PEPE
Windows 93,WIN93
canwifhat,CAN
Blackberry,black
CAPYBARA,CAPY
Realitybites,JHG65
pepe,PEPE
pepe,PEPE
Sol Y Swap,SOLY
Bodacious,BODE
Albert,ALBERT
orbitt_ai,Orbitt
pepe,PEPE
pepe,PEPE
pepe,PEPE
LazyFrog,LF
pepe,PEPE
pepe,PEPE
pepe,PEPE
pepe,PEPE
pepe,PEPE
pepe,PEPE
pepe,PEPE
pepe,PEPE
SolTeer,TEER
Standardz & Poorz Memecoin 500,SNP
WHALY,WHALY
 CrazyPepe,CrazyPepe
ELBURT IJNSTEIN,IJNSTEIN
Hindu Wif Dot,POLKADOT
Lehman Brothers,LEH
SCARED CAT,SCARED
pepe,PEPE
Dawkoins,DAW
Wen,WEN
Wen Dog,DEN
SMURFS ARMY,SMURF
Epep,EPEP
Whales Market,WHALES
Shadow Token,SHDW
jeo boden,boden
pepe,PEPE
SNAP,$NAP
Smol Sol,SMOL
pepe,PEPE
pepe,PEPE
DiCaprio,Cheers
Project SEED Token,SHILL
pepe,PEPE
USDT,USDT
pepe,PEPE
nubcat,nub
Solama,SOLAMA
Leonardo DiCaprio,DiCaprio
BUPE,BUPE
fat cat,FAT
Nafuloo,NAFU
Chirpy,CHIRPY
pepe,PEPE
hatwifdog,FIW
Marinade staked SOL (mSOL),mSOL
pepe,PEPE
pepe,PEPE
pepe,PEPE
Wrapped SOL,SOL
pepe,PEPE
CHEX,CHEX
What in Tarnation?,WIT
pepe,PEPE
Vin Diesel,FAMILY
USD Coin,USDC
Slow Protocol,SLOW
Sloth On Speed,SPEED
pepe,PEPE
Star Atlas,ATLAS
pepe,PEPE
ü§ñ ASI FETCH.AI,$ASI
pepe,PEPE
White Solana,white
DooDoo Coin,DooDoo
SolSpend,SPEND
Tyro,Tyro
Orbitt Pro (SOL),ORBT
pepe,PEPE
Sol Trade,TRADE
Solsend,SEND
pepe,PEPE
pepe,PEPE
Blockchain Operating System,SBOS
Abble,AABL
catwifbag,BAG
Murk Zuckkurborg,FACEBOOK
fat cat,FAT
pepe,PEPE
Bonk,Bonk
Moshi,MOSHI
pepe,PEPE
Prinsus Diedanna,DIANNA
Ligma Node,LIGMA
HarryPotterObamaSonic10Inu,BITCOIN
canwifhat,CAN
pepe,PEPE
pepe,PEPE
pepe,PEPE
Keep TikTok,TOK
Abrahum Lincoin,Abrahum
Som Bonkmon Fraud,SBF
Face,(-_-)
CAPYBARA,CAPY
Rex,REX
Only Possible On Solana,OPOS
pepe,PEPE
MAGAIBA,MAGAIBA
NIGGA COIN,NIGCOIN
CATMAN,CATMAN
SolCard,SOLC
Lebron,Lebron
TWTR,TWTR
BOBAOPPA by machi,$BOBAOPPA
pepe,PEPE
Albert,ALBERT
Thomas,Dank
orbitt_ai,Orbitt
SheCanSaveMe,FLECCA
pepe,PEPE
COO COO MF ,COO
Sol X,SOLX
White nigga,WIGGA
üê∫SORA RACCOON,üê∫SORA
pepe,PEPE
doland tremp,tremp
BATMOON,BATMOON
pepe,PEPE
WALLi,WALLi
pepe,PEPE
pepe,PEPE
pepe,PEPE
WOOFENOMICS,WOOF
Lehman Brothers,LEH
pepe,PEPE
RudyWifHat,RIF
Blueberry Cat,BLU
Mumu the Bull,MUMU
pepe,PEPE
DORK,$DORK
pepe,PEPE
Render Token,RENDER
TRUMP Media,$TRUMP
Solcasino Token,SCS
42069,42069
Dawkoins,DAW
Crack,Crack
pepe,PEPE
Solchat,CHAT
pepe,PEPE
jeo boden,boden
DiCaprio,Cheers
FREETOKEN,FTOKEN
FREDI KROOGAR,FREDI
pepe,PEPE
The Red Pill,REDPILL
BookOfDerp,BODE
Shell-Games,Shell
USDT,USDT
SLERF,SLERF
Solter White,SOLTER
BLUE GATES,MICROSOFT
pepe,PEPE
frumhoy,frum
Leonardo DiCaprio,DiCaprio
SIN CITY,SINR
nubcat,nub
Stuve Jobz,APPOL
VENOM,VENOM
SolCloud,CLOUD
burdabear,bur
PepeFork,PORK
Bodega Cat,BCAT
pepe,PEPE
Moutai,Moutai
dogwifhatfork,wiffork
ALL ART,AART
Marinade staked SOL (mSOL),mSOL
pepe,PEPE
ZynCoin (Wormhole),ZYN
SOGI,SOGI
Wrapped SOL,SOL
Cash,CASH
I CHOOSE RICH EVERYTIME!,NICK
SolMusic,SolMusic
pepe,PEPE
USD Coin,USDC
pepe,PEPE
CapyChonk,CAPY
Mecrosuft,MEFT
pepe,PEPE
HUH?,HUH‚ùì
DOKI,DOKI
Shark Cat,SC
CASH,CASH
AIMARS,AIMARS
bozo,bozo
UXD Stablecoin,UXD
Elon Tusk,ETK
pepe,PEPE
SNAP,$NAP
pepe,PEPE
pepe,PEPE
pepe,PEPE
Orbitt Token,ORBT
Face,(-_-)
BlockMate,MATE
NateTheGreat,NTGx
Baby Solana,BABYSOL
Nala,NALA
SolSpend,SPEND
Sol Trade,TRADE
DOODOO,DOODOO
Slog,SLOG
CHINA CAT,CHINK
Solmedia,MEDIA
Monkey,MONKEY
Ligma Node,LIGMA
Bonk,Bonk
Pixar Lamp,PixarLamp
fat cat,FAT
pepe,PEPE
long boi,long
CAPYBARA,CAPY
Coroline smellison,Carol
GAD FO ESMEME,$GAD
Rex,REX
Som Bonkmon Fraud,SBF
canwifhat,CAN
Wrapped BTC (Wormhole),WBTC
Lebron,Lebron
pepe,PEPE
pepe,PEPE
SolCard,SOLC
pepe,PEPE
Raydium,RAY
pepe,PEPE
pepe,PEPE
Genki Cats,GENCAT
Albert,ALBERT
DegenPepe,DegenPepe
BATMOON,BATMOON
pepe,PEPE
doland tremp,tremp
HarryPotterObamaSonic10inu,BITCOIN
WHALY,WHALY
Andy,ANDY
pepe,PEPE
Dragon,MuShu
pepe,PEPE
pepe,PEPE
pepe,PEPE
DatorAI,DATOR
pepe,PEPE
pepe,PEPE
PUNDU,PUNDU
Standardz & Poorz Memecoin 500,SNP
Crowny token,CRWNY
WOOFENOMICS,WOOF
SolGraph,GRAPH
Lehman Brothers,LEH
 CrazyPepe,CrazyPepe
pepe,PEPE
Mumu the Bull,MUMU
RudyWifHat,RIF
pepe,PEPE
pepe,PEPE
TRUMP Media,$TRUMP
pepe,PEPE
Justin Beaver,BEAVER
dogwifhat,$WIF
Michael Jackson,$HEEHEE
JizzLord,JIZZLORD
Carl Johnsol,CJ
jeo boden,boden
Solchat,CHAT
pepe,PEPE
Dawkoins,DAW
DORK,$DORK
BLUE GATES,MICROSOFT
pepe,PEPE
SLERF,SLERF
nubcat,nub
cat in a dogs world,MEW
SBF,SBF
DiCaprio,Cheers
SolFood,SOLFOOD
PRINCESS OF THE NILE,TARELLA
Angry Cat,HISS
USDT,USDT
Tramp Fan,TRAMPF
Post Traumatic Solana Disorder,PTSD
Roost on sol,ROOST
Tommy Vercetti,TOMMY
SolMail,Mail
üéÉ THE GRINCH WIF DOG,$GRINCH
Wrapped SOL,SOL
MeowMint,MEMI
pepe,PEPE
üßü‚Äç‚ôÄSora Zoombie,$SOZO
ETC,ETC
Wen Dog,DEN
pepe,PEPE
TSWP,TSWP
Solcata,SOLCATA
Napoleon,NAPOLEON
CapyChonk,CAPY
GMT,GMT
Meaftercoffee,CAFFE
Doge Marley,MARLEY
Cash,CASH
Myro,$MYRO
Shark Cat,SC
USD Coin,USDC
bozo,bozo
pepe,PEPE
PAI (Parrot USD),PAI
PONKE,PONKE
Sonic on Solana ,SONIC 
Orbitt Pro (SOL),ORBT
Face,(-_-)
Kowalski,KOW
SMOLE,SMOLE
SolSpend,SPEND
Pepe,PEPE
CHINA CAT,CHINK
pepe,PEPE
Solmedia,MEDIA
pepe,PEPE
Orbitt Token,ORBT
Abble,AABL
Catcoin,CAT
pepe,PEPE
KITTI TOKEN,KITTI
pepe,PEPE
Caroline Ellison,CAROL
Wulter Whote,HEISENBURG
Som Bonkmon Fraud,SBF
TWTR,TWTR
canwifhat,CAN
CAPYBARA,CAPY
Albert,ALBERT
SUKABLYAT,BLYAT
TRUMP Media,$TRUMP
SamBonkmanFraud,BOKMAN
pepe,PEPE
pepe,PEPE
Raydium,RAY
pepe,PEPE
NEED4SOL,NFS
üê∫SORA RACCOON,üê∫SORA
HarryPotterObamaSonic10inu,BITCOIN
pepe,PEPE
Driver Cat Wif Hat,DCWH
WHALY,WHALY
pepe,PEPE
Whalex,WHX
pepe,PEPE
pepe,PEPE
Towelie,Towelie
Pixar Lamp,PIXAR
pepe,PEPE
Thavageonsol,THAVAGE
Moargun Slaveman,SLAVE
RudyWifHat,RIF
Solana Police,SolPolice
JizzLord,JIZZLORD
CORNBASE,CORNBASE
Solcasino Token,SCS
HAMI,HAMI
DORK,$DORK
MeowJak,MEOWJAK
GRUMPY,GRUMPY
Jojo the monkey,JOJO
Dawkoins,DAW
pepe,PEPE
Fredi Kroogar,NIGHTMARE
MAGA (Wormhole),TRUMP
pepe,PEPE
The Doge NFT (Wormhole),DOG
Epep,EPEP
ü•• Baby Sora Coconut,$BSOCO
pepe,PEPE
USDT,USDT
SLERF,SLERF
BLUE GATES,MICROSOFT
Windows 93',WIN
cat in a dogs world,MEW
Sol Cash,SOLC
Jupiter Perps LP,JLP
Pixel by Pixel,PbP
nubcat,nub
Solanium,SLIM
burdabear,bur
dogwifhatfork,wiffork
GYATTT,GYATTT
VENOM,VENOM
pepe,PEPE
pepe,PEPE
Jupiter,JUP
Wrapped SOL,SOL
Wrapped NYBC from NYBC,WNYBC
üßü‚Äç‚ôÄSora Zoombie,$SOZO
Osama Bin Bombin,BOMB
USD Coin,USDC
Nosana,NOS
Dark Putni,dark putni
Solama,SOLAMA
Shark Cat,SC
Icy the Seal,ICY
FTX9000,FTX9000
Myro,$MYRO
Wagecuck,WAGIE
cute little otter,cute
pepe,PEPE
Elon Tusk,ETK
bozo,bozo
HARAMBE,HARAMBE
Face,(-_-)
pepe,PEPE
Uncle Sam,SAM
Orbitt Pro (SOL),ORBT
SolSpend,SPEND
Orbitt Token,ORBT
A Gently Used 2001 Honda Civic,USEDCAR
catwifbag,BAG
Bonk,Bonk
WutsApp,WUTSAPP
BOOK OF MEME,BOME
pepe,PEPE
Ligma Node,LIGMA
EGIRL,EGIRL
fat cat,FAT
Albemarle,ALBEMARLE
pepe,PEPE
pepe,PEPE
Big Barry,BARRY
long boi,long
Solnames,SOLNAMES
canwifhat,CAN
Anxiety Cat,ANXCAT
pepe,PEPE
Som Bonkmon Fraud,SBF
CAPYBARA,CAPY
Rex,REX
pepe,PEPE
Soli-Fi,SFi
Raydium,RAY
SUKABLYAT,BLYAT
pepe,PEPE
Jake The Dog,JAKE
pepe,PEPE
Popcat,POPCAT
ChristIsKingArmy,CIKA
Jup 2.0,JUP2
pepe,PEPE
pepe,PEPE
Dawg In a Degen World,DAWG 
NEED4SOL,NFS
The Singularity Welcoming Party,TSWP
Yikes Dog,YIKES
pepe,PEPE
Towelie,Towelie
pepe,PEPE
PUNDU,PUNDU
 Blockchain Operating System,SBOS
Standardz & Poorz Memecoin 500,SNP
SolTeer,TEER
PDT,PDT
Justin Beaver,BEAVER
dogwifhat,$WIF
WHALY,WHALY
Mumu the Bull,MUMU
pepe,PEPE
pepe,PEPE
Wen,WEN
MeowJak,MEOWJAK
Dawkoins,DAW
birb,birb 
Fredi Kroogar,NIGHTMARE
Solcasino Token,SCS
Vibing Cat,VCAT
Guacamole,GUAC
pepe,PEPE
Whales Market,WHALES
Bot of Meme,BOM
TRUMP Media,$TRUMP
TOP T,TRUMP
jeo boden,boden
Epep,EPEP
WolfWifBallz,BALLZ
Jupiter Perps LP,JLP
DiCaprio,Cheers
SLERF,SLERF
Sol Cash,SOLC
slerf wif hat,SLERFWIF
BLUE GATES,MICROSOFT
Book of Sol,BOS
Teh Pyrate Bey,LOOT
cat in a dogs world,MEW
nubcat,nub
pepe,PEPE
Leonardo DiCaprio,DiCaprio
Pyth Network,PYTH
SolMail,Mail
VENOM,VENOM
USDT,USDT
hatwifdog,FIW
Moutai,Moutai
pepe,PEPE
Post Traumatic Solana Disorder,PTSD
Meme Central Bank,MCB
PRINCESS OF THE NILE,TARELLA
Godzilla,ZILLA
Solama,SOLAMA
shysticat,shysti
üßü‚Äç‚ôÄSora Zoombie,$SOZO
Chirpy,CHIRPY
Wrapped SOL,SOL
Rocket Cat,RCAT
OJ's Glove,GLOVE
pepe,PEPE
SolMusic,SolMusic
I CHOOSE RICH EVERYTIME!,NICK
pepe,PEPE
pepe,PEPE
CROWN Token,CROWN
Blackcroc,blackcroc
USD Coin,USDC
SHIBA INU,SHIB
pepe,PEPE
White Solana,white
BOME V2,BOME.V2
Sonic on Solana ,SONIC 
Icy the Seal,ICY
Toad,TOAD
Uncle Sam,SAM
catwifbread,cats
Face,(-_-)
pepe,PEPE
GUINEA PIG,GUINEAPIG
pepe,PEPE
SolSpend,SPEND
Solsend,SEND
SoggsCoin,$Soggs
Ligma Node,LIGMA
satooshi nakahobo,SATOOSHI
catwifbag,BAG
pepe,PEPE
pepe,PEPE
canwifhat,CAN
Som Bonkmon Fraud,SBF
Freak Out,FREAK
pepe,PEPE
Rex,REX
Gewt The Goat,GEWT
Wrapped Dingocoin,wDingocoin
Blekrok,$BLEK
HETI,HETI
SUKABLYAT,BLYAT
Eagle,EAGLE
CAPYBARA,CAPY
pepe,PEPE
FuckYouMoney,FYM
üê∫SORA RACCOON,üê∫SORA
Popcat,POPCAT
NEED4SOL,NFS
pepe,PEPE
pepe,PEPE
Andy,ANDY
NEED4SOL,NEEDSOL
Driver Cat Wif Hat,DCWH
pepe,PEPE
WHALY,WHALY
SolCard,SOLC
Pesky Paul,PAUL
pepe,PEPE
PUNDU,PUNDU
henlo kitte,henlo
doland tremp,tremp
 CrazyPepe,CrazyPepe
Solana Police,SolPolice
DORK,$DORK
Thavageonsol,THAVAGE
dogwifhat,$WIF
Justin Beaver,BEAVER
pepe,PEPE
Dawkoins,DAW
UGLY NIGGA,UGLYNIG
pepe,PEPE
Wen,WEN
Solcasino Token,SCS
Tuny STORK,STORKINDUS
Duko,DUKO
Fredi Kroogar,NIGHTMARE
TRUMP Media,$TRUMP
Shroom,SHROOM
Whales Market,WHALES
pepe,PEPE
jeo boden,boden
ü•• Baby Sora Coconut,$BSOCO
Solchat,CHAT
Coby The Cat,COBY
Rescue,Rescue
SLERF,SLERF
USDT,USDT
pepe,PEPE
TUZLA,TUZLA
DiCaprio,Cheers
cat in a dogs world,MEW
pepe,PEPE
Pixel by Pixel,PbP
Solgram,GRAM
What‚Äôs Updog?,UPDOG
CapyChonk,CAPY
Cat Wif Cup,CATCUP
Stuve Jobz,APPOL
‚ú® ASI VISION BONK,‚ú®AVB
VENOM,VENOM
Chirpy,CHIRPY
pepe,PEPE
Leonardo DiCaprio,DiCaprio
Rocket Cat,RCAT
Dead Bear Inc,SCUM
üßü‚Äç‚ôÄSora Zoombie,$SOZO
OJ's Glove,GLOVE
Wrapped SOL,SOL
AIDOGE,AIDOGE
nubcat,nub
pepe,PEPE
Cash,CASH
pepe,PEPE
pepe,PEPE
USD Coin,USDC
pepe,PEPE
nubharambe,hub
Driver Cat Wif Hat,DCWH
pepe,PEPE
Shark Cat,SC
pepe,PEPE
White Solana,white
GUINEA PIG,GUINEAPIG
monkeyhaircut,monk
Icy the Seal,ICY
K-Pop,KPOP
pepe,PEPE
pepe,PEPE
A Gently Used 2001 Honda Civic,USEDCAR
SolSpend,SPEND
Uncle Sam,SAM
Face,(-_-)
HARAMBE,HARAMBE
catwifbag,BAG
yourmom,yourmom
pepe,PEPE
pepe,PEPE
pepe,PEPE
fat cat,FAT
pepe,PEPE
Ligma Node,LIGMA
Bonk,Bonk
üêà Grok Mew Wif Hat,üêàGMEW
POTATO,POTATO
DogWifNoTail,NTAIL
Som Bonkmon Fraud,SBF
pepe,PEPE
HETI,HETI
canwifhat,CAN
SUKABLYAT,BLYAT
CAPYBARA,CAPY
Gewt The Goat,GEWT
Tremp Thru KHole,KHREMP
TIMMI,TIMMI
Rex,REX
BATMOON,BATMOON
Raydium,RAY
The Singularity Welcoming Party,TSWP
nubharambe,hub
Bum Money,BUM
pepe,PEPE
pepe,PEPE
Cats Of Sol,COS
pepe,PEPE
 BOOK OF MEME,BOME
Pesky Paul,PAUL
 CrazyPepe,CrazyPepe
Standardz & Poorz Memecoin 500,SNP
dogwifhat,$WIF
Solcasino Token,SCS
PUNDU,PUNDU
pepe,PEPE
Dawkoins,DAW
Whales Market,WHALES
pepe,PEPE
pepe,PEPE
pepe,PEPE
jeo boden,boden
EspressoCoin,ESP
Sol Cash,SOLC
SolCage,SolCage
molenia tremp,MOLENIA
gogowifcone,GOGO
SLERF,SLERF
Joe Cartoon Coin,JOECOIN
DiCaprio,Cheers
Jupiter Perps LP,JLP
nubcat,nub
USDT,USDT
pepe,PEPE
SLERF Finance,SLERFI
Wrapped SOL,SOL
pepe,PEPE
SolMail,Mail
Solama,SOLAMA
Jupiter,JUP
Metaplex Token,MPLX
GOD OF MEME,GODME
WUREN BLUEFET,BERKSHIRE
pepe,PEPE
SOGI,SOGI
BlazeStake Staked SOL (bSOL),bSOL
Flaco the Owl,FLACO
pepe,PEPE
pepe,PEPE
Worren Buffyt,WorenBuf
EEL,EEL
CROWN Token,CROWN
HECKLEFISH,HECKLEFISH
pepe,PEPE
Conk,Conk
SOGI,SOGI
USD Coin,USDC
Baby,BABY
pepe,PEPE
pepe,PEPE
saddest cat in the world,LUHU 
nubharambe,hub
Shibasso,SHIBASSO
Shark Cat,SC
CapyChonk,CAPY
pepe,PEPE
SOLGOAT,SOLGOAT
GUINEA PIG,GUINEAPIG
hot dog water,hotdog
BLOW,BLOW
pepe,PEPE
Icy the Seal,ICY
pepe,PEPE
YOUR AI (Wormhole),YOURAI
Orbitt Token,ORBT
ü§ñ ASI FETCH.AI,$ASI
Orbitt Pro (SOL),ORBT
Face,(-_-)
SolSpend,SPEND
The Diddler,Diddlr
GAD FO ESMEME,$GAD
BULLZ,BULLZ
Access Protocol,ACS
Solsend,SEND
catwifbag,BAG
Trumpito,PITO
fat cat,FAT
Abble,AABL
pee diddy,DIDDY
MEW WIF HAT,MWIF
Bonk,Bonk
Ligma Node,LIGMA
PEBBLE,PBLE
canwifhat,CAN
pepe,PEPE
CAPYBARA,CAPY
Morecoffee‚òïÔ∏è,BRZZD
HETI,HETI
Teng Cat,TENG
Pink Cougar,PINKCOUGAR
pepe,PEPE
Som Bonkmon Fraud,SBF
pepe,PEPE
SUKABLYAT,BLYAT
SolCard,SOLC
Safelana,SAFELANA 
saddest cat in the world,LUHU
pepe,PEPE
MAGA VP (Wormhole),MVP
Popcat,POPCAT
PepeTraumaticSolanaDisorder,PTSD
The Singularity Welcoming Party,TSWP
LOPUNNY,LOPUNNY
doland tremp,tremp
Big Barry,$BARRY
WHALY,WHALY
 CrazyPepe,CrazyPepe
Whalex,WHX
Lehman Brothers,LEH
 BOOK OF MEME,BOME
Mumu the Bull,MUMU
pepe,PEPE
Solana Police,SolPolice
dogwifhat,$WIF
Thavageonsol,THAVAGE
TAOlie Coin,TAOLIE
Duko,DUKO
The Earth is Flat!,FLAT
pepe,PEPE
Dawkoins,DAW
pepe,PEPE
GRUMPY,GRUMPY
China Cat,CHINK
pepe,PEPE
No Diddy,NODIDDY
Wen,WEN
ZERO,ZERO
HUNT,HUNT
pepe,PEPE
Solstream,STREAM
Blockchain Operating System,SBOS
EspressoCoin,ESP
pee diddy,DIDDY
MAGA (Wormhole),TRUMP
jeo boden,boden
Solchat,CHAT
SunnyCoin,‚òÄÔ∏èüí≤
SLERF,SLERF
pepe,PEPE
pepe,PEPE
ChuckNorris,ChuckNorri
DiCaprio,Cheers
Pong,PONG
cat in a dogs world,MEW
pepe,PEPE
pepe,PEPE
pepe,PEPE
HeHe,HeHe
Leonardo DiCaprio,DiCaprio
hatwifdog,FIW
Chirpy,CHIRPY
Jupiter,JUP
üßü‚Äç‚ôÄSora Zoombie,$SOZO
World of WOOF,WOOF
nubcat,nub
USDT,USDT
Wrapped SOL,SOL
ETC,ETC
VENOM,VENOM
Rocket Cat,RCAT
pepe,PEPE
pepe,PEPE
dev is chill like that,chilldev
Meaftercoffee,CAFFE
pepe,PEPE
MagicDragon,MDRAGON
What in Tarnation?,WIT
USD Coin,USDC
I CHOOSE JAIL EVERYTIME,SBF
pepe,PEPE
Shark Cat,SC
DICKACHU,DICKACHU
Shibasso,SHIBASSO
pepe,PEPE
pepe,PEPE
LarryFink,BLACKCOCK
Icy the Seal,ICY
pepe,PEPE
Silly Dragon,SILLY
SolSpend,SPEND
$JCVD,$JCVD
Nala,NALA
pepe,PEPE
pepe,PEPE
Playboywifhat,PWIF
Solsend,SEND
Face,(-_-)
Orbitt Pro (SOL),ORBT
catwifbag,BAG
Som Bonkmon Fraud,SBONK
TrumpPapa,TrumpPapa
pee diddy,DIDDY
yourmom,yourmom
BOOK OF MEME,BOME
fat cat,FAT
pepe,PEPE
Ligma Node,LIGMA
Abble,AABL
long boi,long
monkeyhaircut,monk
DEGENS BALLS,BALLS
Bonk,Bonk
pepe,PEPE
canwifhat,CAN
TWTR,TWTR
üëä Grok Bull Fighter,üëäGBF
Som Bonkmon Fraud,SBF
HETI,HETI
MAGAIBA,MAGAIBA
Shepe,SHEPE
SUKABLYAT,BLYAT
Metrying,MEME1
Soli-Fi,SFi
SolChart,CHART
pepe,PEPE
Popcat,POPCAT
CAPYBARA,CAPY
doland tremp,tremp
pepe,PEPE
Standardz & Poorz Memecoin 500,SNP
 CrazyPepe,CrazyPepe
LOPUNNY,LOPUNNY
Rex,REX
Ape,APE
WHALY,WHALY
pepe,PEPE
Mumu the Bull,MUMU
pepe,PEPE
Thavageonsol,THAVAGE
dogwifhat,$WIF
Michael Jackson,$HEEHEE
pepe,PEPE
pepe,PEPE
Wen,WEN
ZEBEC,ZBC
UGLY NIGGA,UGLYNIG
No Diddy,NODIDDY
Guacamole,GUAC
Dawkoins,DAW
Coby The Cat,COBY
Bot of Meme,BOM
jeo boden,boden
The Earth is Flat!,FLAT
pepe,PEPE
Solter White,SOLTER
nubcat,nub
SLERF,SLERF
Masta Yuda,yuda
 Smog,SMOG
Octokn,OTK
Moutai,Moutai
Cat Wif Cup,CATCUP
Marinade staked SOL (mSOL),mSOL
Ooops...,ERR0R
All Eyez On SOL,TUPAC
Bodega Cat,BCAT
Jupiter,JUP
USDT,USDT
Wrapped SOL,SOL
Jupiter Perps LP,JLP
SIN CITY SINR,SINR
EpicDogeQuest,EDQ
Zawg & Shlawg,dawgz
ZenScape,ZENS
Spider,üï∑
I CHOOSE RICH EVERYTIME!,NICK
CROWN Token,CROWN
BANTS,BANTS
TwoTalkingCats,TWOCAT
Deniro,DIA
USD Coin,USDC
Shark Cat,SC
pepe,PEPE
Jedi Cats ,JEDI
pepe,PEPE
gery goonsler,GOONSLER
Icy the Seal,ICY
SolSpend,SPEND
Face,(-_-)
A Gently Used 2001 Honda Civic,USEDCAR
pepe,PEPE
Anita Max Wynn,WYNN
Shibasso,SHIBASSO
Access Protocol,ACS
SHIVA INU,SHIV
Monkey,MONKEY
pepe,PEPE
pepe,PEPE
BOOK OF MEME,BOME
fat cat,FAT
üêà Grok Mew Wif Hat,üêàGMEW
Solmedia,MEDIA
pepe,PEPE
WULF,WULF
beou boden,beouboden
Jif Bezus,AMAZON
LarryFink,BLACKCOCK
pepe,PEPE
NoneCoin,NONE
pepe,PEPE
dark boden,doben
SolPanda,BAMBOO
MarvinOnSOL,MARVIN
Safelana,SAFELANA 
Som Bonkmon Fraud,SBF
SUKABLYAT,BLYAT
pepe,PEPE
Metrying,MEME1
Costco Hot Dog,COST
 BOOK OF MEME,BOME
Albert,ALBERT
Popcat,POPCAT
üê∫SORA RACCOON,üê∫SORA
pepe,PEPE
CAPYBARA,CAPY
pepe,PEPE
SolChart,CHART
The Singularity Welcoming Party,TSWP
Big Barry,$BARRY
pepe,PEPE
TRUMP Media,$TRUMP
pepe,PEPE
LOPUNNY,LOPUNNY
 Blockchain Operating System,SBOS
TrumpUp,TrumpUp
pepe,PEPE
Solana Police,SolPolice
Wen,WEN
dogwifhat,$WIF
pepe,PEPE
Coby The Cat,COBY
Solchat,CHAT
pepe,PEPE
Epep,EPEP
jeo boden,boden
pepe,PEPE
ZEEPR,ZEEP
SNAP,$NAP
Dawkoins,DAW
DUMB,DUMB
cat in a dogs world,MEW
JPool Staked SOL,JSOL
1sol.io (Wormhole),1SOL
SLERF,SLERF
 Smog,SMOG
Jupiter Perps LP,JLP
Medusa Gorgon,GORGON
pepe,PEPE
Leonardo DiCaprio,DiCaprio
Success Kid,SKID 
USDT,USDT
Masta Yuda,yuda
nubcat,nub
Tulip,TULIP
Moutai,Moutai
Wrapped SOL,SOL
pepe,PEPE
Solama,SOLAMA
Bodega Cat,BCAT
ShibaZilla,SHIBAZILLA
üßü‚Äç‚ôÄSora Zoombie,$SOZO
Baba,$BABA
SIN CITY SINR,SINR
Zawg & Shlawg,dawgz
PLAYWORLD,PLAYWORLD
Cat Wif Cup,CATCUP
SolMusic,SolMusic
Myro,$MYRO
USD Coin,USDC
Nosana,NOS
pepe,PEPE
Flaco the Owl,FLACO
SOLGOAT,SOLGOAT
Icy the Seal,ICY
Success Kid,SKID
Mike Tython,$THAVAGE
CapyChonk,CAPY
HARAMBE,HARAMBE
CASH,CASH
pepe,PEPE
Face,(-_-)
The Diddler,Diddlr
ManoRuka,ManoRuka
catwifbag,BAG
BOOK OF MEME,BOME
A Gently Used 2001 Honda Civic,USEDCAR
pepe,PEPE
Sypool,SYP
Abble,AABL
pepe,PEPE
SolSpend,SPEND
Donuld Tremp,TRUMP
setoshi niggamoto,NIGGAMOTO
8BitGrizz,$BGZZ
DEWN,DEWN
MADLAD,MAD
pepe,PEPE
fat cat,FAT
long boi,long
pepe,PEPE
pepe,PEPE
pepe,PEPE
canwifhat,CAN
Som Bonkmon Fraud,SBF
pepe,PEPE
Million Dollar Cat,MDC
CAPYBARA,CAPY
Rex,REX
pepe,PEPE
pepe,PEPE
pepe,PEPE
You Looked,CIRCLE
pepe,PEPE
Costco Hot Dog,COST
Raydium,RAY
io.net,$IONET
The First Youtube Cat,PAJAMAS
SolCard,SOLC
Genki Cats,GENCAT
pepe,PEPE
OGEE SOMPSON,OGEE
SolChart,CHART
pepe,PEPE
Dither,DITH
The Singularity Welcoming Party,TSWP
doland tremp,tremp
pepe,PEPE
PUNDU,PUNDU
pepe,PEPE
Lehman Brothers,LEH
FISH,FISH
Pig Cat,PC
Mumu the Bull,MUMU
üê∫SORA RACCOON,üê∫SORA
Solcasino Token,SCS
LOPUNNY,LOPUNNY
Wen,WEN
Duko,DUKO
Render Token,RENDER
HONEY,HONEY
ZERO,ZERO
China Cat,CHINK
Guacamole,GUAC
Dawkoins,DAW
pepe,PEPE
pepe,PEPE
pepe,PEPE
SNAP,$NAP
NINJA,NINJA
ZEEPR,ZEEP
pepe,PEPE
MAGA (Wormhole),TRUMP
jeo boden,boden
pepe,PEPE
Silly Dragon,SILLY
2BTTNS,2BTTNS
Leonardo DiCaprio,DiCaprio
WHALY,WHALY
Solami,SOLAMI
ARB Protocol,ARB
Ligma Node,LIGMA
 CrazyPepe,CrazyPepe
Orbitt Token,ORBT
Orbitt Pro (SOL),ORBT
BlazeStake Staked SOL (bSOL),bSOL
nubcat,nub
SHIBA INU,SHIB
Duko,DUKO
Uncle Sam,SAM
HMM,HMM
Standardz & Poorz Memecoin 500,SNP
RastaPepe,$RastaP
Solcasino Token,SCS
GameStop,GME
pepe,PEPE
King Slerf,KingSlerf
pepe,PEPE
Donuld Tremp,TREMP
DEX Message,DEX
Costco,COSTCO
Popcat,POPCAT
PLAYWORLD,PLAYWORLD
pepe,PEPE
All Eyez On SOL,TUPAC
TREN,TREN
Catcoin,CAT
The Simpsons,DONUTS
Peng,PENG
I CHOOSE RICH EVERYTIME!,NICK
Samoyed Coin,SAMO
GAD FO ESMEME,$GAD
pepe,PEPE
JITO,JTO
Snail,üêå
REDLON MUSK,TESLA
BUPE,BUPE
Bitspawn Token,SPWN
pepe,PEPE
Jupiter,JUP
 Blockchain Operating System,SBOS
Doge Marley,MARLEY
MAGA (Wormhole),TRUMP
WALLi,WALLi
Som Bonkmon Fraud,SBF
Solana Arcade,SOLCADE
pepe,PEPE
Bum Money,BUM
Raydium,RAY
Marinade staked SOL (mSOL),mSOL
pee diddy,DIDDY
Bitiboy Crypto,BITIBOY
CHONKY,CHONKY
WHITE PEOPLE,WHITE
Jupiter Perps LP,JLP
SolSpend,SPEND
USD Coin,USDC
Genki Cats,GENCAT
pepe,PEPE
4011 Banana,4011
MATZY,MATZY
The Earth is Flat!,FLAT
TrumpUp,TrumpUp
pepe,PEPE
pepe,PEPE
pepe,PEPE
CapyChonk,CAPY
USDT,USDT
SolMusic,SolMusic
 BOOK OF MEME,BOME
Wrapped SOL,SOL
pepe,PEPE
Monkey,MONKEY
pepe,PEPE
CAPYBARA,CAPY
pepe,PEPE
ü§ñ ASI FETCH.AI,$ASI
Deniro,DIA
pepe,PEPE
Pig Cat,PC
Nosana,NOS
SolShop,SHOP
REDLON MUSK,TESLA
HAMI,HAMI
pepe,PEPE
HISTORY OF PEPE,$HOP
pepe,PEPE
pepe,PEPE
Rollbit Coin,RLB
Michael Jackson,$HEEHEE
SHAD Token,SHAD
Hedge USD,USH
SolCard,SOLC
SOGI,SOGI
pepe,PEPE
fat cat,FAT
TWTR,TWTR
UXD Stablecoin,UXD
üéÉ THE GRINCH WIF DOG,$GRINCH
Helium Network Token,HNT
Bonk,Bonk
Coroline smellison,Carol
Solama,SOLAMA
smolecoin,smole
kucoin wif hat,KUCOINWIF
Jedi Cats ,JEDI
pepe,PEPE
HEISEN,HEISEN
doland tremp,tremp
Wrapped BTC (Wormhole),WBTC
SolChart,CHART
Gambling Gorillas,GG
Apple Cat,acat
Zawg & Shlawg,dawgz
DUGE,DUGE
Chad Coin,CHAD
Icy the Seal,ICY
Mett Demon,METT
pepe,PEPE
pepe,PEPE
pepe,PEPE
TwoTalkingCats,TWOCAT
Daumenfrosch,$daumen
Meowjak,CATJAK
Shibasso,SHIBASSO
LOPUNNY,LOPUNNY
pepe,PEPE
pepe,PEPE
Million Dollar Cat,MDC
SolGraph,GRAPH
Dawkoins,DAW
Rex,REX
‚ú® ASI VISION BONK,‚ú®AVB
pepe,PEPE
Guacamole,GUAC
SleepvsAlarm,SMH1
The Singularity Welcoming Party,TSWP
pepe,PEPE
catwifbag,BAG
Shark Cat,SC
Solanium,SLIM
pepe,PEPE
Ice Spice,ICE
White Solana,white
SolTeer,TEER
LET HIM RUN,GUMP
cat in a dogs world,MEW
Bonk's Sister,BINK
Myro,$MYRO
pepe,PEPE
Brett,BRETT
Tradfi bro,CFA
SLERF,SLERF
PunkAI,PunkAI
Success Kid,SKID 
JizzLord,JIZZLORD
ZEEPR,ZEEP
Solter White,SOLTER
 CrazyPepe,CrazyPepe
WHALY,WHALY
pepe,PEPE
pepe,PEPE
Leonardo DiCaprio,DiCaprio
Sinbad Inu,SINBAD
pepe,PEPE
Ligma Node,LIGMA
Orbitt Token,ORBT
üßü‚Äç‚ôÄSora Zoombie,$SOZO
nubcat,nub
BOBAOPPA,BOBAOPPA
Orbitt Pro (SOL),ORBT
Baby,BABY
bozo,bozo
Prinsus Diedanna,DIANNA
pepe,PEPE
koala brothers,KOALABROS
Solcasino Token,SCS
WhenMonday,MONDY
GameStop,GME
pepe,PEPE
birb,birb 
King Slerf,KingSlerf
 Blockchain Operating System,SBOS
Kitten Haimer,KHAI
All Eyez On SOL,TUPAC
pepe,PEPE
TSWP AI,TSWP
Som Bonkmon Fraud,SBF
pepe,PEPE
üëä Grok Bull Fighter,üëäGBF
Badonkadonk Inu,BADONK
Bum Money,BUM
Jake The Dog,JAKE
Shroom,SHROOM
pepe,PEPE
pee diddy,DIDDY
WHITE PEOPLE,WHITE
pepe,PEPE
CHONKY,CHONKY
Wen,WEN
The Earth is Flat!,FLAT
SolSpend,SPEND
TrumpSusu,TrumpSusu
pepe,PEPE
SLERF2.0,SLERF
üê∫SORA RACCOON,üê∫SORA
Raydium,RAY
DEGENS BALLS,BALLS
USD Coin,USDC
pepe,PEPE
pepe,PEPE
REDLON MUSK,TESLA
Nala,NALA
 BOOK OF MEME,BOME
Boba Oppa,BOBAOPPA
Wrapped SOL,SOL
pepe,PEPE
DevWifMask,DWM
PAI (Parrot USD),PAI
BabySith2,BBSith2
Pixel by Pixel,PbP
USDT,USDT
jeo boden,boden
pepe,PEPE
CAPYBARA,CAPY
dev is chill like that,chilldev
Deniro,DIA
pepe,PEPE
pepe,PEPE
pepe,PEPE
HAMI,HAMI
Rocket Cat,RCAT
REDLON MUSK,TESLA
pepe,PEPE
WOOFENOMICS,WOOF
pepe,PEPE
pepe,PEPE
üéÉ THE GRINCH WIF DOG,$GRINCH
Solmedia,MEDIA
fat cat,FAT
Barron Tremp,BarrTremp
Michael Jackson,$HEEHEE
Coroline smellison,Carol
Wrapped BTC (Wormhole),WBTC
GUMMI BEAR,GUMMI
dogwifhat,$WIF
Icy the Seal,ICY
Golden Nugget$,NUGGS
Baby Solana,BABYSOL
HISTORY OF PEPE,$HOP 2.0
LOPUNNY,LOPUNNY
Black Transgender Cock,BTC
Dawkoins,DAW
Shibasso,SHIBASSO
catwifbag,BAG
Shark Cat,SC
pepe,PEPE
DooDoo Coin,DooDoo
The Singularity Welcoming Party,TSWP
pepe,PEPE
Success Kid,SKID 
POOP Nation ,POOPNTN
ZEEPR,ZEEP
LAUGHTERCOIN,LAUGHT
World of WOOF,WOF
Rex,REX
SLERF,SLERF
Solar Swap,SOLAR
Solter White,SOLTER
The Cash Cow,MOOMOO
Silly Dragon,SILLY
 CrazyPepe,CrazyPepe
Orbitt Token,ORBT
neverSURRENDERone's,NSO
Orbitt Pro (SOL),ORBT
nubcat,nub
WHALY,WHALY
Yikes Dog,YIKES
pepe,PEPE
TAOlie Coin,TAOLIE
Solcasino Token,SCS
Leonardo DiCaprio,DiCaprio
pepe,PEPE
Bodega Cat,BCAT
Saber Protocol Token,SBR
Popcat,POPCAT
Jupiter,JUP
pepe,PEPE
APE CITY,APECITY
All Eyez On SOL,TUPAC
Peng,PENG
Bum Money,BUM
JITO,JTO
CAPYBARA,CAPY
Solchat,CHAT
USD Coin,USDC
Som Bonkmon Fraud,SBF
Buttcoin,BUTT
Wen,WEN
canwifhat,CAN
SolSpend,SPEND
 Blockchain Operating System,SBOS
pepe,PEPE
Jupiter Perps LP,JLP
üê∫SORA RACCOON,üê∫SORA
pepe,PEPE
Solana Police,SolPolice
pepe,PEPE
Frosty the Bear ,FROSTY
USDT,USDT
dark boden,doben
PELFORT,$PELF
Wrapped SOL,SOL
Melon Dog,MELON
World of DOGGO,DOGGO
Nosana,NOS
PepeV2,PepeV2
dogwifbag,WIFBAG
pepe,PEPE
ü§ñ ASI FETCH.AI,$ASI
catwifhat,$CWIF
Cirque Du Solüé™ü§π,CIRCUS
ChaChaCoin,CCC
Crazy Wolf,CRAZYWOLF
DogPound,BARK
Solmedia,MEDIA
CAPYBARA,CAPY
pepe,PEPE
Handsome Pepe,PEPERIZZ
BOOK OF MEME,BOME
UXD Stablecoin,UXD
Whales Market,WHALES
Bonk,Bonk
doland tremp,tremp
No Diddy,NODIDDY
SynesisOne,SNS
pepe,PEPE
Coroline smellison,Carol
pepe,PEPE
Jedi Cats ,JEDI
Icy the Seal,ICY
pepe,PEPE
Million Dollar Cat,MDC
Dawkoins,DAW
pepe,PEPE
catwifbag,BAG
Mewtwo,Mewtwo
Shark Cat,SC
Hunter Boden,HuntBoden
pepe,PEPE
DooDoo Coin,DooDoo
cat in a dogs world,MEW
satooshi nakahobo,SATOOOSHI
DUCKY,DUCKY
SLERF,SLERF
HeHe,HeHe
ZEEPR,ZEEP
SHIBA INU (Wormhole),SHIB
PUNDU,PUNDU
Sloth On Speed,SPEED
nubcat,nub
The Cash Cow,MOOMOO
Orbitt Token,ORBT
Albert,ALBERT
AVATARD,AVTD
pepe,PEPE
WHALY,WHALY
pepe,PEPE
Prinsus Diedanna,DIANNA
LarryFink,BLACKCOCK
pepe,PEPE
UCIT,UCIT
solfiles,FILES
Solcasino Token,SCS
AVATARD,AVTD
Popcat,POPCAT
Leonardo DiCaprio,DiCaprio
Spurdo Sp√§rde,spurdo
Jeets,JEETS
PepeFork,PORK
beou boden,beouboden
io.net,$IONET
ps1 hagrid,HAGGORD
 Blockchain Operating System,SBOS
pepe,PEPE
pepe,PEPE
canwifhat,CAN
USD Coin,USDC
DODO,DODO
Som Bonkmon Fraud,SBF
PUNDU,PUNDU
Jito Staked SOL,JitoSOL
pepe,PEPE
Playboywifhat,PWIF
üê∫SORA RACCOON,üê∫SORA
KIDSOL,KIDSOL
The Doge NFT (Wormhole),DOG
Doge Shrek,DOGESHREK
SolSpend,SPEND
Nala,NALA
Anxiety Cat,ANXCAT
The Holy Cat,THC
CROWN Token,CROWN
Wrapped SOL,SOL
Crying Cat,CRYCAT
CAPYBARA,CAPY
Melon Dog,MELON
Pepsla,PEPSLA
Silly Goose,GOO
jeo boden,boden
Nosana,NOS
Solsend,SEND
pepe,PEPE
Ahmad Mohsin,PEW
HARAMBE,HARAMBE
BLUE GATES,MICROSOFT
BOOK OF MEME,BOME
HAMI,HAMI
pepe,PEPE
Coughing Cat,CCAT
pepe,PEPE
pepe,PEPE
NIGGA,NIGGA
Solmedia,MEDIA
pepe,PEPE
Helium Network Token,HNT
üéÉ THE GRINCH WIF DOG,$GRINCH
Bonk,Bonk
Sem Eltmun,CHATGPT
SolCard,SOLC
Mochi Bog Brother,MBB
Just An Egg,EGG
pepe,PEPE
GB SPL Token 3,GB3
Don Lemoon,LEMOON
dogwifhat,$WIF
GUMMI BEAR,GUMMI
Solama,SOLAMA
Apple Cat,acat
MEME MAFIA,GANGSTER
I CHOOSE GAY EVERYTIME!,PDIDDY
Icy the Seal,ICY
nubcat lamb,NUBCAT
21X,21X
pepe,PEPE
pepe,PEPE
Dawkoins,DAW
catwifbag,BAG
LOLana,üòÇ
pepe,PEPE
Rex,REX
The Singularity Welcoming Party,TSWP
STYFEE SOLKING,STYFEe
Kendrek Lemer,LEMER
TrumpSuper,TrumpSuper
pepe,PEPE
SolTeer,TEER
Big Chungus,CHUNG
cat in a dogs world,MEW
Solter White,SOLTER
Frog Wif Hat,FROWIF
Sigma Node,SIGMA
JizzLord,JIZZLORD
Sloth On Speed,SPEED
The Cash Cow,MOOMOO
pepe,PEPE
WHALY,WHALY
 CrazyPepe,CrazyPepe
‚ö° Thunder Raichu AI,‚ö°TRAI
Leonardo DiCaprio,DiCaprio
SBF,SBF
Orbitt Pro (SOL),ORBT
David Moggins,MOGGINS
Orbitt Token,ORBT
nubcat,nub
üñ§ BatFrog,BatFrog
CryptidCoin,CRYPT
Lehman Brothers,LEH
üí™Sora Popeye,üí™SOPO
Bozo Collective,bozo
AVATARD,AVTD
BlazeStake Staked SOL (bSOL),bSOL
bozo,bozo
Dither,DITH
Mumu the Bull,MUMU
Saber Protocol Token,SBR
Solcasino Token,SCS
solfiles,FILES
Solanacorn,CORN
GameStop,GME
bemen,bemen
Pussy In Bio,pussyinbio
TrumpFootball,TrumpBall
Popcat,POPCAT
Standardz & Poorz Memecoin 500,SNP
GAD FO ESMEME,$GAD
Jupiter,JUP
I CHOOSE RICH EVERYTIME!,NICK
Autistic Racketeering,AR15
Homie,HOMIE
Peng,PENG
pepe,PEPE
pepe,PEPE
pee diddy,DIDDY
io.net,$IONET
Som Bonkmon Fraud,SBF
PUNDU,PUNDU
Cat Called Albert,ALBERT
DODO,DODO
Balin Bank,Balin
Cirque Du Sol,CIRCUS
Buttcoin,BUTT
canwifhat,CAN
Solomon,SOLO
pepe,PEPE
Frosty the Bear ,FROSTY
SolSpend,SPEND
pepe,PEPE
USD Coin,USDC
Solana Police,SolPolice
pepe,PEPE
BOBAOPPA,BOBAOPPA
pepe,PEPE
What in Tarnation?,WIT
USDT,USDT
Wagecuck,WAGIE
üê∫SORA RACCOON,üê∫SORA
dark boden,doben
pepe,PEPE
REDLON MUSK,TESLA
SolMusic,SolMusic
Doge Shrek,DOGESHREK
Wrapped SOL,SOL
Nosana,NOS
BIG PUMP,PUMP
CAPYBARA,CAPY
Solana Shop,SolSHOP
pepe,PEPE
HARAMBE,HARAMBE
Elusk Mon,Eluskmon
COCK,COCK
pepe,PEPE
PepeV2.0,PEPEV2
GAY,GAY
Solmedia,MEDIA
Shepe,SHEPE
BOOK OF MEME,BOME
dev is chill like that,chilldev
pepe,PEPE
Bot of Meme,BOM
Why So Bullish,WSB
pepe,PEPE
Abble,AABL
pepe,PEPE
pepe,PEPE
Teng Cat,TENG
Humping Cat,HAT
üéÉ THE GRINCH WIF DOG,$GRINCH
ZEBEC,ZBC
Coroline smellison,Carol
GUMMI BEAR,GUMMI
doland tremp,tremp
pepe,PEPE
pepe,PEPE
Just An Egg,EGG
Tonk Inu,TONK
dogwifhat,$WIF
Jedi Cats ,JEDI
Rich Pepe,PRICH
Black Rock,ROCK
Baby Solana,BABYSOL
WerHebbenEenSerieusProbleem,WER
Apple Cat,acat
Dawkoins,DAW
pepe,PEPE
pepe,PEPE
Kendrek Lemer,LEMER
JINXCAT,JINXCAT
pepe,PEPE
pepe,PEPE
Googly Cat,GOOGLY
Autistic Racketeering,AR15
GB SPL Token 3,GB3
CZOLANA,CZOL
Sol X,SOLX
Hunter Boden,HuntBoden
Kamala Horris,KAMA
Icy the Seal,ICY
‚ú® ASI VISION BONK,‚ú®AVB
Dogecoin20,DOGE20
Rex,REX
pepe,PEPE
PEPE LONG,PEPELONG
Guacamole,GUAC
MEV AI,MEVAI
pepe,PEPE
pepe,PEPE
pepe,PEPE
Baby Meme Coin,BABYMEME
LarryFink,BLACKCOCK
cat in a dogs world,MEW
pepe,PEPE
pepe,PEPE
SLERF,SLERF
DICKACHU,DICKACHU
pepe,PEPE
ZEEPR,ZEEP
JizzLord,JIZZLORD
Solter White,SOLTER
pepe,PEPE
The Cash Cow,MOOMOO
PartyWifPuff,PWIF
Bobaoppa,Bobaoppa
Dead Bear Inc,SCUM
‚ö° Thunder Raichu AI,‚ö°TRAI
pepe,PEPE
Reburt Downey Junier,REBURT
Myro, MYRO
Leonardo DiCaprio,DiCaprio
pepe,PEPE
HarryPotterObamaSonic10Inu,BITCOIN
Greg,Greg
Orbitt Token,ORBT
WHALY,WHALY
Ligma Node,LIGMA
AVATARD,AVTD
Baby,BABY
Albert,ALBERT
pebe,pebe
pepe,PEPE
STASH INU,STASH
üí™Sora Popeye,üí™SOPO
nubcat,nub
Dither,DITH
DUST Protocol,DUST
Solcasino Token,SCS
pepe,PEPE
NINJA,NINJA
Mumu the Bull,MUMU
Cheems,CHEEMS
pepe,PEPE
SolVine,SolVine
pepe,PEPE
Ryun Garzia,RYUN
Bodega Cat,BCAT
Nigga Wif Hat,NIF
Peng,PENG
solfiles,FILES
pepe,PEPE
Homie,HOMIE
Solchat,CHAT
Vitalik Rewards Solana,VRSOL
Jito Staked SOL,JitoSOL
io.net,$IONET
pepe,PEPE
Som Bonkmon Fraud,SBF
pepe,PEPE
Marinade staked SOL (mSOL),mSOL
pee diddy,DIDDY
moley the molecule,moley
‚òÑ SOLGOKU AI,$SOLGOKU
Wrapped Bitcoin (Sollet),BTC
canwifhat,CAN
Wen,WEN
GORILLA ON SOLANA,GORI
pepe,PEPE
USD Coin,USDC
Wrapped Ethereum (Sollet),ETH
Frosty the Bear ,FROSTY
SolSpend,SPEND
HAMMY ,SOLAME
GAMESTOP 2.0,GME2.0
üê∫SORA RACCOON,üê∫SORA
USDT,USDT
wall street whoskers,wsw
BOBAOPPA,BOBAOPPA
Solana Coin 2.0,SC20
KINGKONG,KONG
Monkey,MONKEY
PUNDU,PUNDU
Wrapped SOL,SOL
pepe,PEPE
Kevin G,KEVING
PepeNigga,PepeNigga
CAPYBARA,CAPY
pepe,PEPE
pepe,PEPE
pepe,PEPE
Solsend,SEND
pepe,PEPE
BOOK OF MEME,BOME
luck of the meow,LMOW
pepe,PEPE
 Smog,SMOG
Solmedia,MEDIA
SOGI,SOGI
Abble,AABL
Solana Meme,SOLMEME
üéÉ THE GRINCH WIF DOG,$GRINCH
fat cat,FAT
üî• Fairy Tail AI,üî•FTAIL
Bonk,Bonk
DEV Live on TWITCH ,LIVETWITCH
doland tremp,tremp
pepe,PEPE
TWTR,TWTR
pepe,PEPE
pepe,PEPE
SOLBIRD,SOLBIRD
ANALOS,ANALOS
Jedi Cats ,JEDI
PONKE,PONKE
SolCard,SOLC
Taylor Swift's Cat,BENJI
TwoTalkingCats,TWOCAT
Dawkoins,DAW
GUMMI BEAR,GUMMI
WD-40,WD40
AIMARS,AIMARS
WerHebbenEenSerieusProbleem,WER
SMOLE,SMOLE
Bat Frog,BatFrog
Only1 (LIKE),LIKE
Million Dollar Cat,MDC
fuckcoolpussy,FCP
Icy the Seal,ICY
Kamala Horris,KAMA
pepe,PEPE
pepe,PEPE
Shark Cat,SC
pepe,PEPE
pepe,PEPE
Smelly Cat,Smelly
pepe,PEPE
pepe,PEPE
SLERF,SLERF
GIB,GIB
Hive Game Token,HGT
cat in a dogs world,MEW
Bum Money,BUM
pepe,PEPE
JizzLord,JIZZLORD
The Singularity Welcoming Party,TSWP
ZEEPR,ZEEP
Solter White,SOLTER
The Cash Cow,MOOMOO
Lehman Brothers,LEH
Leonardo DiCaprio,DiCaprio
AVATARD,AVTD
THE CRYPTO BIBLE,BLIBE
pepe,PEPE
Nigga Wif Hat,NIF
Only Possible On Solana,OPOS
pepe,PEPE
Orbitt Token,ORBT
Solchat,CHAT
nubcat,nub
COCO,COCO
HyperHop Coin,HHC
GAD FO ESMEME,$GAD
pepe,PEPE
Som Bonkmon Fraud,SBF
pepe,PEPE
AVATARD,AVTD
Star Atlas,ATLAS
Raydium,RAY
USD Coin,USDC
pepe,PEPE
Shadow Token,SHDW
pepe,PEPE
JOHN MCAFEE,Mcafee
SolSpend,SPEND
canwifhat,CAN
pepe,PEPE
Stanley Cup Coin,STAN
pepe,PEPE
Solana Rhodes,SOLANA
KINGKONG,KONG
Solnic Trading Bot,STB
SolMusic,SolMusic
USDT,USDT
pepe,PEPE
Wrapped SOL,SOL
Nosana,NOS
pepe,PEPE
Flaundy,FLAUNDY
dogwifbag,WIFBAG
pepe,PEPE
CAPYBARA,CAPY
Solmedia,MEDIA
snup dug,snup
pepe,PEPE
pepe,PEPE
üéÉ THE GRINCH WIF DOG,$GRINCH
Humping Cat,HAT
freak mill,freakmill
Scorpion,ü¶Ç
SOLSecure,SECURE
pepe,PEPE
Jedi Cats ,JEDI
Icy the Seal,ICY
Sol Cash,SolCash
WD-40,WD40
Bonk,Bonk
pepe,PEPE
pepe,PEPE
doland tremp,tremp
pepe,PEPE
Big Chungus,CHUNG
VAMPIRINA,VAMPIRINA
Solana Coin 20,SC20
Kamala Horris,KAMA
Dawkoins,DAW
Staven Hawkens,HAWKENS
Soul,Soul
Rex,REX
BLESSINGS x PEPE,BLESS
SLERF,SLERF
catwifbag,BAG
AUTISMO,TISM
cat in a dogs world,MEW
Solter White,SOLTER
PUNDU,PUNDU
pepe,PEPE
JizzLord,JIZZLORD
Smudge The Cat,SMUDGE
White Solana,white
The Cash Cow,MOOMOO
pepe,PEPE
BOME 404,BOME404
McDonalds,MCDS
Leonardo DiCaprio,DiCaprio
pepe,PEPE
pepe,PEPE
Orbitt Pro (SOL),ORBT
Lido Staked SOL,stSOL
pepe,PEPE
Orbitt Token,ORBT
PacCoin,PACC
nubcat,nub
AVATARD,AVTD
solfiles,FILES
pepe,PEPE
Pyth Network,PYTH
Jupiter,JUP
LowQ,LOWQ
Shadow Token,SHDW
SageTurtle,STRTL
Peng,PENG
punduwifbag,PUNDUWIF
io.net,$IONET
‚òÑ SOLGOKU AI,$SOLGOKU
WALLi,WALLi
REX,REX
pepe,PEPE
Som Bonkmon Fraud,SBF
jerme powel,jerme
SUMMER TURT,STURT
HampterFi,HMTR
Jew Pepe,Jewpepe
üê∏Pepeüê∏,PEPE
Buttcoin,BUTT
USD Coin,USDC
Wrapped Ethereum (Sollet),ETH
Metaplex Token,MPLX
pepe,PEPE
SolSpend,SPEND
Frosty the Bear ,FROSTY
pepe,PEPE
canwifhat,CAN
CATO,CATO
Nala,NALA
USDT,USDT
Pusheen,Pusheen
SolRead,$READ
shysticat,shysti
DiCaprio,Cheers
Wrapped SOL,SOL
Communist Party of India,CPI
wall street whoskers,wsw
Chad Hatter,Chatter
CAPYBARA,CAPY
Solmedia,MEDIA
Mercurial,MER
snup dug,snup
pepe,PEPE
RieDog,RIE
COO COO MF ,COO
pepe,PEPE
SOGI,SOGI
BOOK OF MEME,BOME
TRIAL,TRIAL
Fronk,Fronk
freak mill,freakmill
üéÉ THE GRINCH WIF DOG,$GRINCH
pepe,PEPE
pepe,PEPE
VAMPIRINA,VAMPIRINA
Bonk,Bonk
pepe,PEPE
Mett Demon,METT
Chad,CHAD
pepe,PEPE
WD-40,WD40
Magic Internet Money,MIM
Shibasso,SHIBASSO
GLOOP,GLOOP
Kamala Horris,KAMA
SNAP,$NAP
TRUMP Media,$TRUMP
pepe,PEPE
catwifbag,BAG
Dawkoins,DAW
Rex,REX
GOLDENPUPPY,$GOLDPUP
Solanium,SLIM
Staven Hawkens,HAWKENS
Shark Cat,SC
Meatspin AI,MEATSPINAI
SolTeer,TEER
BOME 404,BOME404
CRYPTO BIBLE,BIBLE
DragonPaw,DPAW
cat in a dogs world,MEW
The Singularity Welcoming Party,TSWP
PUNDU,PUNDU
ZEEPR,ZEEP
Solter White,SOLTER
Cream,CREAM
AUTISM PEPE,AUTISM
Ligma Node,LIGMA
nubcat,nub
Orbitt Token,ORBT
 CrazyPepe,CrazyPepe
WHALY,WHALY
pepe,PEPE
pepe,PEPE
pepe,PEPE
bozo,bozo
Dither,DITH
NINJA,NINJA
pepe,PEPE
Pyth Network,PYTH
BOBAOPPA,BOBAOPPA
Epep,EPEP
‚òÑ SOLGOKU AI,$SOLGOKU
pepe,PEPE
garfold,GARFOLD
Som Bonkmon Fraud,SBF
Jupiter,JUP
pepe,PEPE
JokeAI,JokeAI
USD Coin,USDC
pepe,PEPE
pepewifhat,PWH
canwifhat,CAN
Raydium,RAY
SolSpend,SPEND
Crowny token,CRWNY
Gerfeld,FELD
USDT,USDT
pepe,PEPE
pepe,PEPE
What in Tarnation?,WIT
Solana Rhodes,SOLANA
Pusheen,Pusheen
pepe,PEPE
üê∫SORA RACCOON,üê∫SORA
Wrapped SOL,SOL
Wrapped Ether (Wormhole),WETH
Nosana,NOS
ROFLMAO,ROFLMAO
OmniCat (Wormhole),OMNI
CAPYBARA,CAPY
Boba Oppa,BOBAOPPA
pepe,PEPE
pepe,PEPE
pepe,PEPE
snup dug,snup
LUCKY CAT,LUCA
BOOK OF MEME,BOME
GAY,GAY
Boss Baby,BB
SAFU,SAFU
Mochi Bog Brother,MBB
Moutai,Moutai
Solmedia,MEDIA
"Popo, Pepe's Dog",$POPO
Fronk,Fronk
UXD Stablecoin,UXD
Bonk,Bonk
dogwifhat,$WIF
smolecoin,smole
Sem Eltmun,CHATGPT
FinancesAI,FNCS
WD-40,WD40
nubharambe,hub
pepe,PEPE
Dawkoins,DAW
catwifbag,BAG
TRUMP Media,$TRUMP
POPO,POPO
cat in a dogs world,MEW
‚ú® ASI VISION BONK,‚ú®AVB
Dr. PEPE,DRPEPE
Rex,REX
Myro,$MYRO
CRYPTO BIBLE,BIBLE
SLERF,SLERF
pepe,PEPE
PUNDU,PUNDU
pepe,PEPE
pepe,PEPE
Solter White,SOLTER
pepe,PEPE
WHALY,WHALY
What‚Äôs Updog?,UPDOG
DEGEN,DEGEN
Leonardo DiCaprio,DiCaprio
pepe,PEPE
Orbitt Pro (SOL),ORBT
pepe,PEPE
 CrazyPepe,CrazyPepe
Orbitt Token,ORBT
Jeke da dog,JEKE
MOON CLOUDS,MOON
pepe,PEPE
nubcat,nub
pepe,PEPE
Solcasino Token,SCS
Bodega Cat,BCAT
Popcat,POPCAT
pepe,PEPE
pepe,PEPE
A Gently Used 2001 Honda Civic,USEDCAR
Success Kid,SKID
Jupiter,JUP
CrazyBunny,CrazyBunny
Flamingo INU,PINK
HPOS10I,HPOS10I
SolCloud,CLOUD
pepe,PEPE
io.net,$IONET
Side Eyeing Chloe,CHLOE
pepe,PEPE
Bum Money,BUM
Som Bonkmon Fraud,SBF
üê∏Pepeüê∏,PEPE
Marinade staked SOL (mSOL),mSOL
Raydium,RAY
Wen,WEN
USD Coin,USDC
PixelPup,PXLP
CUM,CUM
pepe,PEPE
canwifhat,CAN
USDT,USDT
SolSpend,SPEND
pepe,PEPE
pepe,PEPE
Gerfeld,FELD
Father Of CBDC,POWELL
Pusheen,Pusheen
Nala,NALA
pepe,PEPE
Wrapped SOL,SOL
Wrapped Ether (Wormhole),WETH
Powerfulmeme,memeKing
OmniCat (Wormhole),OMNI
CAPYBARA,CAPY
jeo boden,boden
pepe,PEPE
dev is chill like that,chilldev
 BOOK OF MEME,BOME
Baby nubcat,bnub
Nosana,NOS
HARAMBE,HARAMBE
BOOK OF MEME,BOME
 Smog,SMOG
snup dug,snup
pepe,PEPE
SAFU,SAFU
pepe,PEPE
Abble,AABL
SPLITZ DOG,SPLITZ
UXD Stablecoin,UXD
Just An Egg,EGG
pepe,PEPE
TWTR,TWTR
üî• Fairy Tail AI,üî•FTAIL
pepe,PEPE
Ladyf,LADYF
smolecoin,smole
Cirque Du Solüé™ü§π,CIRCUS
pepe,PEPE
SolCard,SOLC
PopDog,POPDOG
doland tremp,tremp
Obema Tremp,$BRUMP
Bonk,Bonk
nubcat lamb,NUBCAT
pepe,PEPE
dogwifhat,$WIF
Icy the Seal,ICY
Dawkoins,DAW
SNAP,$NAP
AIMARS,AIMARS
SolMail,Mail
MoonRover,MROV
Kamala Horris,KAMA
MY HERO,LEBRON
catwifbag,BAG
Shibasso,SHIBASSO
PONKE,PONKE
pepe,PEPE
‚ú® ASI VISION BONK,‚ú®AVB
pepe,PEPE
Rex,REX
Smelly Cat,Smelly
pepe,PEPE
TRUMP Media,$TRUMP
I'M SO GAY,GAY
PEPE THE GASTRONAUT,PEPETHEG
LET HIM RUN,GUMP
Solter White,SOLTER
SLERF,SLERF
pepe,PEPE
Sloth On Speed,SPEED
cat in a dogs world,MEW
PUNDU,PUNDU
ZEEPR,ZEEP
Dead Bear Inc,SCUM
The Cash Cow,MOOMOO
Albert,ALBERT
Retire,Retire
pepe,PEPE
Orbitt Token,ORBT
Orbitt Pro (SOL),ORBT
Leonardo DiCaprio,DiCaprio
pepe,PEPE
Ligma Node,LIGMA
Bodega Cat,BCAT
Rabcat,$RABCAT 
pepe,PEPE
nubcat,nub
pepe,PEPE
David Moggins,MOGGINS
Timber,TIMBER
pepe,PEPE
Wojak,Wojak
Jupiter,JUP
Panzer Liquidity Locker,PANZER
ü™º Sora Jellyfish,ü™ºSOJI
Popcat,POPCAT
solfiles,FILES
pepe,PEPE
Epep,EPEP
pepe,PEPE
io.net,$IONET
Som Bonkmon Fraud,SBF
Tribe Treasure,TRB
Raydium,RAY
LarryFink,BLACKCOCK
BOBAOPPA,$BOBAOPPA
ü™∑  Bullbasaur Grok,$BASA
CHONKY,CHONKY
USD Coin,USDC
Jupiter Perps LP,JLP
Wen,WEN
Gerfeld ,FELD
SolSpend,SPEND
pepe,PEPE
üëæ COURAGE THE SMART DOG,$CODO
canwifhat,CAN
pepe,PEPE
pepe,PEPE
pepe,PEPE
pepe,PEPE
pepe,PEPE
MOMO 2.0,MOMO
Pusheen,Pusheen
USDT,USDT
PepeNigga,PepeNigga
Wrapped SOL,SOL
DiCaprio,Cheers
Du Kwuan,DUKWUAN
SolRead,$READ
pepe,PEPE
PAI (Parrot USD),PAI
CAPYBARA,CAPY
Baby nubcat,bnub
HARAMBE,HARAMBE
SolTV,SolTV
BOOK OF MEME 2.0,BOME 2.0
Himar Inu,HIMAR
BOOK OF MEME,BOME
Mewing Cat,MEWING
Solmedia,MEDIA
SOGI,SOGI
pepe,PEPE
GalacticBeans,GBEAN
pepe,PEPE
snup dug,snup
Remilio,REMILIO
Andy,ANDY
SolCard,SOLC
pepe,PEPE
BlockMate,MATE
SynesisOne,SNS
üî• Fairy Tail AI,üî•FTAIL
smolecoin,smole
TWTR,TWTR
UXD Stablecoin,UXD
Bonk,Bonk
Elon AI,ELONAI
pepe,PEPE
Obema Tremp,$BRUMP
dogwifhat,$WIF
PDT,PDT
Female Body Investigator,FBI
Dawkoins,DAW
YodaBucks,YodaBu
Gatsby,GATSBY
Cirque Du Solüé™ü§π,CIRCUS
SolMail,Mail
Gery Gaysler,GAYSLER
Grow Financial,GROW
Shibasso,SHIBASSO
Kamala Horris,KAMA
Icy the Seal,ICY
pepe,PEPE
catwifbag,BAG
pepe,PEPE
yourmom,yourmom
DOODOO,DOODOO
Rex,REX
pepe,PEPE
White Solana,white
pepe,PEPE
ü¶• Slerp Frog Solana,ü¶•SROG
Bonk 2.0,BONK2.0
cat in a dogs world,MEW
Shark Cat,SC
NANCY PUMPS,NANCYPUMPS
Sloth On Speed,SPEED
SLERF,SLERF
PUNDU,PUNDU
COSTCO PIZZA,PIZZA
ZEEPR,ZEEP
Solter White,SOLTER
pepe,PEPE
WHALY,WHALY
pepe,PEPE
pepe,PEPE
 CrazyPepe,CrazyPepe
pepe,PEPE
pepe,PEPE
Orbitt Token,ORBT
pepe,PEPE
Orbitt Pro (SOL),ORBT
Silly Dragon,SILLY
$ASTROBULL,$ASTROBULL
Ligma Node,LIGMA
SBF,SBF
pepe,PEPE
Cute Cat,$MEOW
BOBAOPPA,BOBAOPPA
pepe,PEPE
SOLPEPE,SOLPEPE
pepe,PEPE
Mumu the Bull,MUMU
nubcat,nub
Pengy,PENGY
GameStop,GME
Solchat,CHAT
Wojak,Wojak
MovAI,mvAI
pepe,PEPE
Jupiter,JUP
punduwifbag,PUNDUWIF
MAGA (Wormhole),TRUMP
bemen,bemen
Pigeon In Yellow Boots,PIGEON
Larry Fink,FINK
DJT Coin,DJT
Cirque Du Sol,CIRCUS
io.net,$IONET
üëä Grok Bull Fighter,üëäGBF
SolSpend,SPEND
Wen,WEN
Som Bonkmon Fraud,SBF
USD Coin,USDC
pepe,PEPE
canwifhat,CAN
pepe,PEPE
DeadCoin,$DEAD
üëæ COURAGE THE SMART DOG,$CODO
Gerfeld,FELD
pepe,PEPE
CATO,CATO
Honeyland,HXD
pepe,PEPE
pepe,PEPE
pepe,PEPE
pepe,PEPE
üçä Sora Orange,üçäSOO
Wrapped Ether (Wormhole),WETH
pepe,PEPE
USDT,USDT
Pusheen,Pusheen
Wrapped SOL,SOL
pepe,PEPE
KINGKONG,KONG
pepe,PEPE
Step,STEP
jeo boden,boden
Green FN,FN
GalaxyGem,GEMX
pepe,PEPE
Du Kwuan,DUKWUAN
feefty sent,GUNIT
Cat Intelligence Agency,CIA
 BOOK OF MEME,BOME
Baby nubcat,bnub
pepe,PEPE
Thomas,Dank
pepe,PEPE
snup dug,snup
pepe,PEPE
SolCard,SOLC
pepe,PEPE
Bonk,Bonk
BOOK OF MEME,BOME
Schr√∂dinger,DINGER
UXD Stablecoin,UXD
Wrapped BTC (Wormhole),WBTC
doland tremp,tremp
pepe,PEPE
smolecoin,smole
TWTR,TWTR
Cirque Du Solüé™ü§π,CIRCUS
pepe,PEPE
Solpaka,SOLPAKA
WerHebbenEenSerieusProbleem,WER
pepe,PEPE
Icy the Seal,ICY
dogwifhat,$WIF
PDT,PDT
Dream Meme Team,DMT
catwifbag,BAG
pepe,PEPE
pepe,PEPE
ALL ART,AART
K-Pop,KPOP
cat in a dogs world,MEW
Rex,REX
White Solana,white
Myro,$MYRO
ü¶• Slerp Frog Solana,ü¶•SROG
Shark Cat,SC
SLERF,SLERF
Bum Money,BUM
Dawkoins,DAW
JizzLord,JIZZLORD
PUNDU,PUNDU
ZEEPR,ZEEP
Solter White,SOLTER
Lido Staked SOL,stSOL
WHALY,WHALY
The Cash Cow,MOOMOO
Orbitt Pro (SOL),ORBT
Leonardo DiCaprio,DiCaprio
Solana Deployer Boy,SOLD
nubcat,nub
neversol,never
pepe,PEPE
 CrazyPepe,CrazyPepe
pepe,PEPE
Orbitt Token,ORBT
Ratchet,RATCHET
Plankton,PLANK
pepe,PEPE
Solcasino Token,SCS
Derpepe,DERPEPE
KAT COIN,KAT
Jupiter,JUP
io.net,$IONET
Jupiter Perps LP,JLP
pepe,PEPE
Som Bonkmon Fraud,SBF
Raydium,RAY
USD Coin,USDC
BOBAOPPA,$BOBAOPPA
SolSpend,SPEND
pepe,PEPE
DOGE,DOGE
pepe,PEPE
ORANGE TRUMP,MAGA
pepe,PEPE
pepe,PEPE
SOL Jupiter,SOLJUP
Taliban Wif Hat,TALIBAN
Pusheen,Pusheen
USDT,USDT
pepe,PEPE
Solsend,SEND
BOOK OF HAT,BOHA
Du Kwuan,DUKWUAN
Wrapped SOL,SOL
BOOK OF MEME 2.0,BOME 2.0
CAPYBARA,CAPY
HAMI,HAMI
pepe,PEPE
Green FN,FN
idk,idk
Baby nubcat,bnub
LUCKY CAT,LUCA
jeo boden,boden
luck of the meow,LMOW
CharityDao,CHD
Social Credit Token,CCP
UXD Stablecoin,UXD
smolecoin,smole
Moutai,Moutai
Cirque Du Solüé™ü§π,CIRCUS
KNOB$,KNOB
Bonk,Bonk
pepe,PEPE
sinDAO,SIN
doland tremp,tremp
Dawkoins,DAW
SolMail,Mail
Shibasso,SHIBASSO
catwifbag,BAG
WD-40,WD40
The Singularity Welcoming Party,TSWP
Icy the Seal,ICY
pepe,PEPE
Compass SOL,compassSOL
pepe,PEPE
TRUMP Pump,$TRUMP
TrumpLink,$TRUMP
Shark Cat,SC
CHEX,CHEX
nubbycat,nubby
Solter White,SOLTER
Rex,REX
SLERF,SLERF
ZEEPR,ZEEP
PUNDU,PUNDU
WHALY,WHALY
pepe,PEPE
DUMB,DUMB
SBF,SBF
Orbitt Pro (SOL),ORBT
 CrazyPepe,CrazyPepe
POWSCHE,POWSCHE
Leonardo DiCaprio,DiCaprio
The Cash Cow,MOOMOO
üçáGrape AI,üçáGRAPE
soggs,SOGGS
pepe,PEPE
Ligma Node,LIGMA
nubcat,nub
HarryPotterObamaSonic10Inu,BITCOIN
Orbitt Token,ORBT
Smog,SMOG
pepe,PEPE
AVATARD,AVTD
Jeke da dog,JEKE
SHIVA INU,SHIV
Duko,DUKO
Prinsus Diedanna,DIANNA
pepe,PEPE
Solcasino Token,SCS
pepe,PEPE
Baby PepeZilla,PEPEZLA
PUGAI,PUGAI
Trump Hair,Trump Hair
SolCloud,CLOUD
SOLDOUT,SOLDOUT
pepe,PEPE
FigureWifHat,FWH
Popcat,POPCAT
Epep,EPEP
cat in a dogs world,MEW
pepe,PEPE
Peng,PENG
pepe,PEPE
io.net,$IONET
Gaimin Token (Wormhole),GMRX
Meme Central Bank,MCB
pepe,PEPE
Sydney Sweeney,MILK
Cream,CREAM
BOBAOPPA,$BOBAOPPA
Wen,WEN
Som Bonkmon Fraud,SBF
AbsoluteUnit,BOAT
USD Coin,USDC
SolSpend,SPEND
pepe,PEPE
pepe,PEPE
BETTI,$BETTI
Doitformemes,MEME5
CATO,CATO
CROWN Token,CROWN
Studynow.Crylater.,CRAM
USDT,USDT
dark boden,doben
pepe,PEPE
pepe,PEPE
Trump Pump,Pump
Grok 1.5,Grok1.5
Wrapped SOL,SOL
Pusheen,Pusheen
Gem Finder,FINDER
CAPYBARA,CAPY
Gerfeld,FELD
SolRead,$READ
BOOK OF MEME 2.0,BOME 2.0
PixelPaws,PXPAW
Du Kwuan,DUKWUAN
BLUE GATES,MICROSOFT
Nosana,NOS
jeo boden,boden
DiddyGotRaid,$DiddyRaid
Nomcat,NOMCAT
MUTANT,MUTANT
idk,idk
pepe,PEPE
BOOK OF MEME,BOME
Shepe,SHEPE
Baby nubcat,bnub
Solmedia,MEDIA
Blekrok,$BLEK
TWTR,TWTR
pepe,PEPE
Moutai,Moutai
luck of the meow,LMOW
TREASURECOIN,TREASU
pepe,PEPE
Social Credit Token,CCP
UXD Stablecoin,UXD
Helium Network Token,HNT
Andy,ANDY
üî• Fairy Tail AI,üî•FTAIL
Bonk,Bonk
smolecoin,smole
pepe,PEPE
Orbitt Pro (Wormhole),ORBT
Cirque Du Solüé™ü§π,CIRCUS
Obema Tremp,$BRUMP
Dawkoins,DAW
pepe,PEPE
doland tremp,tremp
pepe,PEPE
Gatsby,GATSBY
Shibasso,SHIBASSO
Chad Coin,CHAD
Icy the Seal,ICY
Hunter Boden,HuntBoden
pepe,PEPE
catwifbag,BAG
Cabybara - $CAPY,$CAPY
dogwifhat,$WIF
PEPA,PEPA
TRUMP Pump,$TRUMP
Rex,REX
SomBonkmonFed,SBFED
Guacamole,GUAC
Bork,BORK
DAPP,DEPLOY
üçä Sora Orange,üçäSOO
pepe,PEPE
pepe,PEPE
INDIMORE,IMR
Shark Cat,SC
pepe,PEPE
Bonk 2.0,BONK2.0
PEPE THE GASTRONAUT,PEPETHEG
cat in a dogs world,MEW
ü¶• Slerp Frog Solana,ü¶•SROG
Cat Wif Cup,CATCUP
sealwifhat,SI
HONEY,HONEY
Solter White,SOLTER
SLERF,SLERF
YOUR AI (Wormhole),YOURAI
Orca,ORCA
JizzLord,JIZZLORD
ZEEPR,ZEEP
 CrazyPepe,CrazyPepe
nubcat,nub
Ligma Node,LIGMA
üçâ MELON GROK AI ROBOT,üçâMEROK
pepe,PEPE
Bonziwifhat,BONZI
Orbitt Token,ORBT
DOGE,DOGE
üí™Sora Popeye,üí™SOPO
pepe,PEPE
SOLDOUT,SOLDOUT
ERC20,ERC20
TITS,TITS
ThatFaceWhen...,TIKME
Jupiter,JUP
pepe,PEPE
SolCloud,CLOUD
Mumu the Bull,MUMU
bozo,bozo
Queen Cat,$queencat
Doge Marley,MARLEY
SolGPT,SolGPT
Blackcroc,blackcroc
pepe,PEPE
Microsoft XP Error,DONTSEND
io.net,$IONET
Swhale,SWHALE
pepe,PEPE
Som Bonkmon Fraud,SBF
PepeFork,PORK
Jito Staked SOL,JitoSOL
pepe,PEPE
Jupiter Perps LP,JLP
USD Coin,USDC
WatchMeFail,FAILR
long boi,long
Barron Trump,Trump Son
pepe,PEPE
pepe,PEPE
BAWLS,BAWLS
Doitformemes,MEME5
canwifhat,CAN
üèé¬† Chocobo Racing AI,$CHOCO
catwifcape,WIFCAPE
pepe,PEPE
pepe,PEPE
SolSpend,SPEND
Dark shrek,Dark shrek
CATO,CATO
Gerfeld,FELD
USDT,USDT
Wrapped Ether (Wormhole),WETH
dark boden,doben
Wrapped SOL,SOL
What in Tarnation?,WIT
SolRead,$READ
CAPYBARA,CAPY
jeo boden,boden
SOLDOGE,SOLDOGE
Nomcat,NOMCAT
Sweet CAT,SCAT
pepe,PEPE
Pig Cat,PC
Baby nubcat,bnub
HAMI,HAMI
Solmedia,MEDIA
Michael Jackson,$HEEHEE
Mochi Bog Brother,MBB
The Solcial App,Solcial
Andy,ANDY
CHONKY SOL,CHONKY
TRUMP Pump,$TRUMP
Grok Night Fury,$GNF
gaddafiwifhat,gaddafi
SOGI,SOGI
Social Credit Token,CCP
üî• Fairy Tail AI,üî•FTAIL
Apple Cat,acat
dogwifhat,$WIF
pepe,PEPE
Bonk,Bonk
Icy the Seal,ICY
pepe,PEPE
CUMALA HARRIS,CUM
Cirque Du Solüé™ü§π,CIRCUS
pepe,PEPE
SolMail,Mail
Rex,REX
Big Chungus,CHUNG
catwifbag,BAG
Dawkoins,DAW
Hachiko,Hachi
SomBonkmonFed,SBFED
The Singularity Welcoming Party,TSWP
Amish Butter Cat,BUTTER
pepe,PEPE
cat in a dogs world,MEW
Guacamole,GUAC
Just In! on Solana,JUST IN
Shark Cat,SC
Dick Cat,DICKCAT
Sloth On Speed,SPEED
Left Curve Big Dick,LCBD
SLERF,SLERF
ZEEPR,ZEEP
Solter White,SOLTER
Myro,$MYRO
pepe,PEPE
Orbitt Pro (SOL),ORBT
 CrazyPepe,CrazyPepe
Family,FAM
pepe,PEPE
SBF,SBF
REdao,$RE
nubcat,nub
Ligma Node,LIGMA
Orbitt Token,ORBT
pepe,PEPE
BlazeStake Staked SOL (bSOL),bSOL
pepe,PEPE
pepe,PEPE
pepe,PEPE
Standardz & Poorz Memecoin 500,SNP
HAHA,HAHA
TITS,TITS
Solcasino Token,SCS
Mumu the Bull,MUMU
ok cat,ok
Baby Book Of Meme,BabyBOME
Popfrog,POPFROG
Catcoin,CAT
pepe,PEPE
Peng,PENG
Pyth Network,PYTH
Cat Taco,CATACO
PUGAI,PUGAI
NeuraLink,NRLK
Popcat,POPCAT
SOLPENG,SOLPENG
Som Bonkmon Fraud,SBF
Dobby,DOBBY
MAGA (Wormhole),TRUMP
Epep,EPEP
pepe,PEPE
Swhale,SWHALE
JITO,JTO
SOLAMB,SOLAMB
Wen,WEN
pepe,PEPE
Marinade staked SOL (mSOL),mSOL
GIGACHAD,GIGA
Sacrifice,BURN
üóø,MOAI
Jupiter Perps LP,JLP
USD Coin,USDC
pepe,PEPE
Whales Club,WHC
canwifhat,CAN
SolSpend,SPEND
pepe,PEPE
pepe,PEPE
BOBAOPPA,BOBAOPPA
Gerfeld,FELD
Dogearm,Doge
DiCaprio,Cheers
USDT,USDT
SHIT,SHIT
pepe,PEPE
Wrapped SOL,SOL
SolRead,$READ
pepe,PEPE
Nosana,NOS
Nuba Cat,NUBA
CAPYBARA,CAPY
pepe,PEPE
Mr. Bean,Bean
jeo boden,boden
Anita Max Wynn,WYNN
Chirpy,CHIRPY
BONKLANA,BOK
TOASTER,TOASTER
Sweet CAT,SCAT
BOOK OF MEME,BOME
MOGGO coin,MOGGO
pepe,PEPE
Pleb,PLEB
Solmedia,MEDIA
Michael Jackson,$HEEHEE
pepe,PEPE
Nomcat,NOMCAT
Unknown,UNKNOWN
Albemarle,ALBEMARLE
SAFU,SAFU
UXD Stablecoin,UXD
Mochi Bog Brother,MBB
TrumpHands,TrumpHands
DGEN Token,DGEN
Just An Egg,EGG
pepe,PEPE
doland tremp,tremp
Bonk,Bonk
pepe,PEPE
CUMALA HARRIS,CUM
pepe,PEPE
dogwifhat,$WIF
pepe,PEPE
$SolGoku Token,$SolGoku
Icy the Seal,ICY
monkeyhaircut,monk
pepe,PEPE
SolMail,Mail
WD-40,WD40
Bloe Jiden,BJ
pepe,PEPE
catwifbag,BAG
SHIBONK,SBONK
pepe,PEPE
Dawkoins,DAW
Crazy Wolf,CRAZYWOLF
pepe,PEPE
Rex,REX
Solordi,$SOLO
pepe,PEPE
üçä Sora Orange,üçäSOO
TrumpLink,$TRUMP
cat in a dogs world,MEW
White Solana,white
MonkeyIndianNigerianTeenagers,MINT
Shark Cat,SC
SCOIN,SCOIN
Guacamole,GUAC
pepe,PEPE
CHEX,CHEX
SLERF,SLERF
Sloth On Speed,SPEED
Myro,$MYRO
Solter White,SOLTER
CAT POK√âMON ON SOL,MEOWTH
ZEEPR,ZEEP
FLAPPI,FLAPPI
COSTCO CHURRO,CHURRO
pepe,PEPE
What‚Äôs Updog?,UPDOG
upsidedowncat,usdc
SBF,SBF
pepe,PEPE
Ligma Node,LIGMA
 CrazyPepe,CrazyPepe
Orbitt Token,ORBT
Smog,SMOG
"Lol,No",HAHA
Orbitt Pro (SOL),ORBT
nubcat,nub
ERC20,ERC20
üêÆ BULL STREET MEME,$BSM
MOONGOOSE,$MOONG
SHIBA INU,SHIB
pepe,PEPE
pepe,PEPE
Orang,ORANG
solfiles,FILES
pepe,PEPE
Mumu the Bull,MUMU
Popcat,POPCAT
pepe,PEPE
Popfrog,POPFROG
Peng,PENG
Jupiter,JUP
pepe,PEPE
pepe,PEPE
SOLPENG,SOLPENG
üß†  All In One AI,üß†AIOA
SOLAMB,SOLAMB
Som Bonkmon Fraud,SBF
Success Kid,SKID
pepe,PEPE
üèé¬† Chocobo Racing AI,$CHOCO
Jupiter Perps LP,JLP
Raydium,RAY
SOFTY,SOFTY
üëª Spooky Pepe Wif Candy,SPOOKY
Shiva Inu,SHIVA
Sacrifice,BURN
USD Coin,USDC
pepe,PEPE
Biden's dog,RAX
pepe,PEPE
SolSpend,SPEND
canwifhat,CAN
Gerfeld,FELD
pepe,PEPE
Neon EVM Token,NEON
pepe,PEPE
Wrapped SOL,SOL
Mr. Bean,Bean
Diddy on Sol,PDIDDY
Trump Pump,Pump
Taut Bot,TAUT
Nomcat,NOMCAT
USDT,USDT
CAPYBARA,CAPY
Baby nubcat,bnub
BOOK OF MEME,BOME
BULL OF MEME,$BULL
Solmedia,MEDIA
Thomas,Dank
Sweet CAT,SCAT
luck of the meow,LMOW
Michael Jackson,$HEEHEE
pepe,PEPE
Whales Market,WHALES
TWTR,TWTR
Mochi Bog Brother,MBB
UXD Stablecoin,UXD
Andy,ANDY
dogwifhat,$WIF
SolGPT,GPT
Helium Network Token,HNT
Berylbit,BRB
HALPERT,HALPERT
Cecil The Lion,CECIL
Walken,WLKN
pepe,PEPE
PDT,PDT
MEME MAFIA,GANGSTER
Icy the Seal,ICY
PONKE,PONKE
CUMALA HARRIS,CUM
Dawkoins,DAW
oshun keng sharles,KENG
pepe,PEPE
Only1 (LIKE),LIKE
Bloe Jiden,BJ
Trump Ass,Trump Ass
ELON WIF HAT,ELON
Safelana,SAFELANA 
catwifbag,BAG
Rex,REX
The Singularity Welcoming Party,TSWP
This is how I win,GEM
pepe,PEPE
Tradfi bro,CFA
ZEEPR,ZEEP
Shark Cat,SC
White Solana,white
TrumpLink,$TRUMP
SLERF,SLERF
Helium Mobile,MOBILE
cat in a dogs world,MEW
Dick Cat,DICKCAT
Solter White,SOLTER
Mario's Asshole,CULO
DUPY,DUPY
Penguin,üêß
Myro,$MYRO
Cat Wif Cup,CATCUP
The Cash Cow,MOOMOO
WHALY,WHALY
pepe,PEPE
Leonardo DiCaprio,DiCaprio
 CrazyPepe,CrazyPepe
pepe,PEPE
mockJUP,mockJUP
Nuba Cat,NUBA
Ligma Node,LIGMA
üçâ MELON GROK AI ROBOT,üçâMEROK
nubcat,nub
Smerf On Solona,Smerf
pepe,PEPE
4twenty,420420
pepe,PEPE
Mumu the Bull,MUMU
Orbitt Token,ORBT
Solchat,CHAT
Shadow Token,SHDW
Trump wahaha,Trumppp
Jupiter,JUP
Pyth Network,PYTH
Popfrog,POPFROG
Cheese!,DAOOD
Mario's Asshole,CULO
Peng,PENG
AHEGAO,AHEGAO
Samoyed Coin,SAMO
BASE COKE FARM,COKE
Som Bonkmon Fraud,SBF
üß†  All In One AI,üß†AIOA
TANE,TANE
Star Atlas,ATLAS
pepe,PEPE
kiwicat,KIWI
Raydium,RAY
üèé¬† Chocobo Racing AI,$CHOCO
Wen,WEN
Marinade staked SOL (mSOL),mSOL
USD Coin,USDC
pepe,PEPE
pepe,PEPE
Dayjen Janiels Elbeaux,ELBEAUX
DePlan,DPLN
canwifhat,CAN
SolSpend,SPEND
pepe,PEPE
pepe,PEPE
USDT,USDT
Beluga Cat,BELUGA
pepe,PEPE
DragonHoard,DRGNHD
DiCaprio,Cheers
SOLSHIB,SHIB
Baby Tremp,BABYTREMP
SHIT,SHIT
pepe,PEPE
FILES,FILES
pepe,PEPE
pepe,PEPE
Solsend,SEND
Wrapped SOL,SOL
pepe,PEPE
jeo boden,boden
pepe,PEPE
Sweet CAT,SCAT
pepe,PEPE
BOOK OF MEME,BOME
HARAMBE,HARAMBE
Solmedia,MEDIA
KIN,KIN
 Smog,SMOG
Michael Jackson,$HEEHEE
Abble,AABL
Whales Market,WHALES
pepe,PEPE
Helium Network Token,HNT
UXD Stablecoin,UXD
pepe,PEPE
doland tremp,tremp
Bonk,Bonk
smolecoin,smole
Solama,SOLAMA
pepe,PEPE
Klausen Art,KART
Artrade Token,ATR
The fastest things on earth,$TFTOE
dogwifhat,$WIF
SNAP,$NAP
Dawkoins,DAW
pepe,PEPE
SLICK IM,SLICK
Icy the Seal,ICY
pepe,PEPE
CUMALA HARRIS,CUM
Mett Demon,METT
Sultana,SUL
pepe,PEPE
PONKE,PONKE
SolMail,Mail
a traveling cat,TravCat
Render Token,RENDER
pepe,PEPE
FluffyFinance,FLUFF
ELON WIF HAT,ELON
Big Chungus,CHUNG
BigEGG,BigEGG
Rex,REX
catwifbag,BAG
Kermit,KERMIT
LOL,LOL
Guacamole,GUAC
DatorAI,DATOR
pepe,PEPE
Shark Cat,SC
TrumpLink,$TRUMP
Azul The Bear,AZUL
cat in a dogs world,MEW
Kawaii On Solana ,KAWAII 
IQ50,IQ50
pepe,PEPE
Myro,$MYRO
Sloth On Speed,SPEED
ZEEPR,ZEEP
Solter White,SOLTER
Helium Mobile,MOBILE
SLERF,SLERF
pepe,PEPE
 CrazyPepe,CrazyPepe
Ligma Node,LIGMA
nubcat,nub
Orbitt Token,ORBT
Leonardo DiCaprio,DiCaprio
Orbitt Pro (SOL),ORBT
pepe,PEPE
pepe,PEPE
pepe,PEPE
Kawaii On Solana,KAWAII
TITS,TITS
pepe,PEPE
pepe,PEPE
Mumu the Bull,MUMU
bozo,bozo
Jupiter,JUP
Popcat,POPCAT
Nigga Wif Hat,NIF
Solchat,CHAT
pepe,PEPE
Shadow Token,SHDW
Loaf Cat,LOAFCAT
Catcoin,CAT
Popfrog,POPFROG
JESUS ON SOL,JESUS
Som Bonkmon Fraud,SBF
JITO,JTO
Balin Bank,Balin
I WANT EAT ALL MEME COIN,POPCAT
kiwicat,KIWI
pepe,PEPE
pepe,PEPE
pepe,PEPE
Marinade staked SOL (mSOL),mSOL
USD Coin,USDC
Peng,PENG
SolSpend,SPEND
Wen,WEN
AbsoluteUnit,BOAT
canwifhat,CAN
pepe,PEPE
pepe,PEPE
Wrapped Ether (Wormhole),WETH
pepe,PEPE
What in Tarnation?,WIT
USDT,USDT
Wrapped SOL,SOL
pepe,PEPE
CAPYBARA,CAPY
Pig Cat,PC
Post Traumatic Solana Disorder,PTSD
Baby nubcat,bnub
Sweet CAT,SCAT
Zoomer,ZOOMER
pepe,PEPE
pepe,PEPE
 Smog,SMOG
jeo boden,boden
Michael Jackson,$HEEHEE
pepe,PEPE
Whales Market,WHALES
Bonk,Bonk
burdabear,bur
UXD Stablecoin,UXD
Solmedia,MEDIA
Felix the cat,Felix
smolecoin,smole
Solama,SOLAMA
Coroline smellison,Carol
pepe,PEPE
pepe,PEPE
Ladyf,LADYF
PixelPunk,PXLNK
SNAP,$NAP
dogwifhat,$WIF
PDT,PDT
Dawkoins,DAW
pepe,PEPE
CUMALA HARRIS,CUM
catwifvape ,VAPE
Icy the Seal,ICY
Jersteen Truhdoh,TRUHDOH
pepe,PEPE
Shibasso,SHIBASSO
SolMail,Mail
pepe,PEPE
pepe,PEPE
nubdog,nubdog
Rex,REX
catwifbag,BAG
Broke In A Rich World,CRY
Travel with SOL,SOLTRAVEL
FluffyFinance,FLUFF
Shark Cat,SC
Bork,BORK
cat in a dogs world,MEW
pepe,PEPE
Solter White,SOLTER
White Solana,white
Kawaii On Solana,KAWAII
SLERF,SLERF
LOL,LOL
HampterFi,HMTR
Myro,$MYRO
nubcat,nub
 CrazyPepe,CrazyPepe
Orbitt Token,ORBT
WHALY,WHALY
CATMAN,CATMAN
pepe,PEPE
upsidedowncat,usdc
pepe,PEPE
DOGE,DOGE
Dither,DITH
X √Ü A-12,ELON'S SON
Solcasino Token,SCS
Popcat,POPCAT
Cone Of Shame,CONE
GRIZZLY,GRIZZLY
SHURK,SHURK
I WANT EAT ALL MEME COIN,POPCAT
pepe,PEPE
Popfrog,POPFROG
Som Bonkmon Fraud,SBF
Peng,PENG
buycat,buycat
üêπ SORA HAMSTER AI,üêπSOHAI
JITO,JTO
Cat Marley,CATMARLEY
NEKO,NEKO
Marinade staked SOL (mSOL),mSOL
TOMWIFHAT,TOM
GOD OF MEME,GODME
THOL,THOL
SOFTY,SOFTY
pepe,PEPE
SIDE EYE CAT,SEC
USD Coin,USDC
Super Cat,SUPERCAT
canwifhat,CAN
DePlan,DPLN
SolSpend,SPEND
pepe,PEPE
Ben the Dog,BENDOG
What in Tarnation?,WIT
Wrapped NYBC from NYBC,WNYBC
Wrapped SOL,SOL
USDT,USDT
Mr. Bean,Bean
Sweet CAT,SCAT
$TRASH,TRASH
BOOK OF MEME,BOME
MOGGO coin,MOGGO
Solmedia,MEDIA
pepe,PEPE
pepe,PEPE
Nala,NALA
UXD Stablecoin,UXD
The Solcial App,Solcial
Pump It Up,PUMP
Wrapped BTC (Wormhole),WBTC
DGEN Token,DGEN
ZEBEC,ZBC
Felix the cat,Felix
pepe,PEPE
BASED FIGHTER,SHORYU
Solama,SOLAMA
smolecoin,smole
pepe,PEPE
EMME,EMME
Remilio,REMILIO
Dawkoins,DAW
Pfizer,Pfizer
MEME MAFIA,GANGSTER
GRUMPY,GRUMPY
AIMARS,AIMARS
CUMALA HARRIS,CUM
Shark Cat,SC
Rex,REX
pepe,PEPE
catwifbag,BAG
Shibasso,SHIBASSO
Icy the Seal,ICY
pepe,PEPE
White Solana,white
Dogetothemoon,DOGED
cat in a dogs world,MEW
pepe,PEPE
SLERF,SLERF
Rescue,Rescue
Kawaii On Solana,KAWAII
Solter White,SOLTER
Myro,$MYRO
WHALY,WHALY
Lido Staked SOL,stSOL
Christ Is King,CHRIST
Wrapped liquid staked (Wormhole),wstETH
Leonardo DiCaprio,DiCaprio
pepe,PEPE
pepe,PEPE
Silly Dragon,SILLY
 CrazyPepe,CrazyPepe
TrumpET45,TrumpET45
MineCat,MINECAT
nubcat,nub
Orbitt Token,ORBT
Frog Cat,FC
bork,bork
Dither,DITH
BlazeStake Staked SOL (bSOL),bSOL
Solcasino Token,SCS
Mumu the Bull,MUMU
pepe,PEPE
üöÄ SAFE PUMP AI,üöÄSPUMP
GreenHash,GHS
Popcat,POPCAT
pepe,PEPE
Jupiter,JUP
Meseekingpeace,ZEN
Peng,PENG
pepe,PEPE
pepe,PEPE
SolCloud,CLOUD
SMOLE,SMOLE
pepe,PEPE
I WANT EAT ALL MEME COIN,POPCAT
stormX,STX
SOLAMB,SOLAMB
PITBULL DOG,PITBULL
Samoyed Coin,SAMO
Degenerate Trader Floki,DTF
Meme Central Bank,MCB
Som Bonkmon Fraud,SBF
Unknown,UNKNOWN
Killer Bean,BEAN
Jito Staked SOL,JitoSOL
Jupiter Perps LP,JLP
GOD OF MEME,KEK
USD Coin,USDC
Marinade staked SOL (mSOL),mSOL
SIDE EYE CAT,SEC
Infinity,INF
SolSpend,SPEND
GLO STARTER,GLST
pepe,PEPE
pepe,PEPE
AbsoluteUnit,BOAT
pepe,PEPE
USDT,USDT
Ladyf,LADYF
Gerfeld,FELD
dark boden,doben
Wrapped Ether (Wormhole),WETH
Trump Hair,Trump Hair
WC Token,WC
Wrapped SOL,SOL
pepe,PEPE
DiCaprio,Cheers
REDLON MUSK,TESLA
jeo boden,boden
pepe,PEPE
HARAMBE,HARAMBE
CAPYBARA,CAPY
Baby nubcat,bnub
Grok Night Fury,$GNF
KAKAPO COIN,KAK
 Pump It Up, PUMP
Solmedia,MEDIA
Michael Jackson,$HEEHEE
pepe,PEPE
Whales Market,WHALES
Bonk,Bonk
pepe,PEPE
pepe,PEPE
Pump It Up,PUMP
doland tremp,tremp
Jedi Cats ,JEDI
MoonCat,üåïüò∫
I GOT LUMBAGO,LUMBAGO
Pfizer,Pfizer
WAR OF MEME,WOME
dogwifhat,$WIF
Guga,GUGA
pepe,PEPE
catwifvape,VAPE
pepe,PEPE
Artrade Token,ATR
Dawkoins,DAW
Icy the Seal,ICY
GRUMPY,GRUMPY
ChillChip Panda,CCPANDA
GnomeLand,GNOME
pepe,PEPE
Mett Demon,METT
KATE Coin,KAT
Wagmi,WAGMI
nubdog,nubdog
pepe,PEPE
pepe,PEPE
catwifbag,BAG
This is how I win,GEM
Guacamole,GUAC
Hunter Boden,HuntBoden
CUMALA HARRIS,CUM
EDGE FUND,EDGEFUND
CatWifDog,CWIF
McDonalds,McDonalds
Blockasset,BLOCK
Wrapped Dingocoin,wDingocoin
Shark Cat,SC
COCO,COCO
Solcasino,Solcasino
Gari,GARI
cat in a dogs world,MEW
MineCat,MINECAT
USD Coin (Wormhole),USDC
SLERF,SLERF
The Singularity Welcoming Party,TSWP
ZEEPR,ZEEP
Grumpy Capy,CAPY
Solter White,SOLTER
MineCat,MINECAT
WHALY,WHALY
 CrazyPepe,CrazyPepe
pepe,PEPE
SBF,SBF
pepe,PEPE
pepe,PEPE
Ligma Node,LIGMA
nubcat,nub
DUCKI,DUCKI
Silly Dragon,SILLY
pepe,PEPE
Orbitt Token,ORBT
Frog Cat,FC
A Gently Used 2001 Honda Civic,USEDCAR
Pepperoni Prophecies,PIZZA
Standardz & Poorz Memecoin 500,SNP
Mumu the Bull,MUMU
pepe,PEPE
pepe,PEPE
Nigga Butt Token,NiggaButt
Popfrog,POPFROG
TOWEL,TOWEL
Popcat,POPCAT
pepe,PEPE
Obsessive Coin Disorder,OCD
BOTISTA,BOTISTA
Cat Wif Gloves,CATGLOVES
I CHOOSE RICH EVERYTIME!,NICK
Stellar Donuts,SDON
Marinade staked SOL (mSOL),mSOL
TRUMP Media,$TRUMP
Mario,MARIO
stormX,STX
Doge Marley,MARLEY
pepe,PEPE
pepe,PEPE
Som Bonkmon Fraud,SBF
USD Coin,USDC
Wen,WEN
SolSpend,SPEND
Obsessive Coin Disorder,OCD
Playboywifhat,PWIF
pepe,PEPE
The Doge NFT (Wormhole),DOG
Wrapped SOL,SOL
SolRead,$READ
canwifhat,CAN
USDT,USDT
pepe,PEPE
Sweet CAT,SCAT
Wonk,WONK
pepe,PEPE
Solmedia,MEDIA
Albemarle,ALBEMARLE
pepe,PEPE
smolecoin,smole
pepe,PEPE
Pfizer,Pfizer
SynesisOne,SNS
Solama,SOLAMA
pepe,PEPE
Crescitaly,CRS
pepe,PEPE
catwifvape,VAPE
Chadimir Putni,PUTNI
Daumenfrosch,$daumen
CUMALA HARRIS,CUM
ChillChip Panda,CCPANDA
Dawkoins,DAW
Icy the Seal,ICY
Kovin Segnocchi,KOVIN
monkeyhaircut,monk
pepe,PEPE
catwifbag,BAG
üêí Bored Pepe Ape,üêíBOPEA
EDGE FUND,EDGEFUND
Guacamole,GUAC
Hunter Boden,HuntBoden
Rex,REX
pepe,PEPE
CatWifDog,CWIF
ZOLAMA,ZOL
pepe,PEPE
SLERF,SLERF
Shark Cat,SC
cat in a dogs world,MEW
Solter White,SOLTER
CAPYBARA,CAPY
CHARIZARD,CHARIZARD
HARAMBE,HARAMBE
Loro,LORO
pepe,PEPE
Ahegao Network,AHEGAO
pepe,PEPE
Axolitl,AXO
pepe,PEPE
CatWifHat ,CatWif
MXM,MXM
20YEARS,20Y
NIGGA TRUMP,TRIGGA
SAM BANKMAN FRIED,SBF 
Arnie Schwurzenegar,ARNIE
Hunter Boden,HuntBoden
Lehman Brothers,LEH
The Pepsons,PEPS
Boba,BOBA
book of pepa,BOPA
pepe,PEPE
CAPYBARA,CAPY
Mike Tython,$THAVAGE
Peng,PENG
WUREN BLUEFET,BERKSHIRE
CRAZY PEPE SOLANA,$CrazyPepe
Icy the Seal,ICY
BOOK OF MEME,BOME
Wrapped SOL,SOL
pepe,PEPE
OWL WIFHAT,OWLWIF
pepe,PEPE
JITO,JTO
Rex,REX
Garf,GARF
HAMI,HAMI
SOLEPHANT ,SOLEPHANT 
catwifbag,BAG
Ozacoin,OZA
long boi,long
META,META
cat in a dogs world,MEW
Shark Cat,SC
Black People Don't Recycle,REC
OmniCat (Wormhole),OMNI
Pepe in a world of Dogs,PEPEW
dogwifhat,$WIF
OWLS,OWLS
BABYCAPYBARA,BABYCAPY
pepe,PEPE
Som Bonkmon Fraud,SBF
pepe,PEPE
USDT,USDT
SBF,SBF
pepe,PEPE
SLERF,SLERF
 CrazyPepe,CrazyPepe
pepe,PEPE
HISTORY OF PEPE,$HOP
Pika Wif Hat,PWH
Jesse Ponkman,Jesse
Cat Commandments MeME,CATCO10
Jupiter Perps LP,JLP
pepe,PEPE
Gold,GOLD
Apengers,Apengers
pepe,PEPE
SolMail,Mail
SolSpend,SPEND
Silly Dragon,SILLY
Ligma Node,LIGMA
ZEEPR,ZEEP
GMOOL,GMOOL
pepe,PEPE
pepe,PEPE
DUGE,DUGE
CUMALA HARRIS,CUM
DiCaprio,Cheers
SolCard,SOLC
PRISON,SBFPRISON
üçñ Meat Hed üí™,MeatHed
Jupiter,JUP
pepe,PEPE
CROCDOG,CROCDOG
Sam Bankman Wif Hat,SBF
Dawkoins,DAW
üçæ WINE OF GROK,WROK
Moutai,Moutai
Dumpling Cat,DUMPLING
jeo boden,boden
Duko,DUKO
Grok The Homeless,GROK
Orbitt Pro (SOL),ORBT
nubcat,nub
pepe,PEPE
USD Coin,USDC
pepe,PEPE
canwifhat,CAN
Cats Of Sol,COS
SolGen,GEN
pepe,PEPE
pepe,PEPE
Pepe on the Cross,PEPECHRIST
Mumu the Bull,MUMU
Brett Simpson,BRETT
Machi Big Brother's dog,BOBAOPPA
doland tremp,tremp
pepe,PEPE
Epep,EPEP
Blekrok,$BLEK
Gerfeld,FELD
pepe,PEPE
Arnie Schwurzenegar,ARNIE
pepe,PEPE
Blockasset,BLOCK
NeoSafari,NSAF
pepe,PEPE
fishen cheeps,FEENCHEE
pepe,PEPE
CUMJONGUN,CUMJONGUN
CatWifHat ,CatWif
pepe,PEPE
ok cat,ok
The Cash Cow,MOOMOO
Bork,BORK
PUGAI,PUGAI
Popcat,POPCAT
TheCatinTheHat,$CATHAT
Drop The Soap Sam,SOAP
Helium Network Token,HNT
LOOPY,LOOPY
Icy the Seal,ICY
pepe,PEPE
WOW,WOW
Wrapped SOL,SOL
nubpenguin,NUP
POWSCHE,POWSCHE
pepe,PEPE
Peng,PENG
Rizz,RIZZ
Doge On Solana,SOGE
JITO,JTO
Ozacoin,OZA
pepe,PEPE
Slog,SLOG
HAMI,HAMI
dogwifbag,WIFBAG
OWLS,OWLS
pepe,PEPE
Nosana,NOS
SolBox,BOX
McGrigur,MCGRIGUR
StudyTheDogWifHat,STD
Shark Cat,SC
My Mom,MOM
 CrazyPepe,CrazyPepe
Sokoke Cat,$SOKOKE
Walken,WLKN
FUCK SBF,FSBF
HYDRAULIC PRESS COIN,HYDRAULIC
cat in a dogs world,MEW
IQ50,IQ50
ü§ñ  PEPPER HUMANOID AI,$PEPPER
PLERF,PLERF
Rollbit Coin,RLB
pepe,PEPE
BABYCAPYBARA,BABYCAPY
dogwifhat,$WIF
pepe,PEPE
Satoshi Nakamoto's Cat,Cipher
pepe,PEPE
USDT,USDT
Som Bonkmon Fraud,SBF
SolLlama,LLAMA
SLERF,SLERF
pepe,PEPE
SAM BONKMON FROD,SBF
Bonk,Bonk
Pepsi,PEPSI
BucketHatCat,BHCAT
pepe,PEPE
pepe,PEPE
mockJUP,mockJUP
Better Call Saul Goodman,Saul
GOAT,GOAT
Gold,GOLD
Apengers,Apengers
This is how I win,GEM
UXD Stablecoin,UXD
Tiny Elon Token,TINYELON
Ligma Node,LIGMA
Wen,WEN
pepe,PEPE
HONEY,HONEY
ZEEPR,ZEEP
pepe,PEPE
pepe,PEPE
üçñ Meat Hed üí™,MeatHed
YOM,YOM
SolCard,SOLC
DiCaprio,Cheers
GMOOL,GMOOL
DUGE,DUGE
Gatsby,GATSBY
CUM JONG UN,CUMJONG
Bonk 2.0,BONK2.0
Unknown,UNKNOWN
jeo boden,boden
üçæ WINE OF GROK,WROK
Dumpling Cat,DUMPLING
BOOK OF SBF,BSBF
pepe,PEPE
KIN,KIN
pepe,PEPE
Alex The Parrot,PARROT
Brett Simpson,BRETT
nubcat,nub
smolecoin,smole
pepe,PEPE
FRYDAY,FRYDAY
Cats Of Sol,COS
Raydium,RAY
USD Coin,USDC
pepe,PEPE
Mumu the Bull,MUMU
pepe,PEPE
Machi Big Brother's dog,BOBAOPPA
BOBAOPPA,BOBAOPPA
Dogs Of Sol,DOS
doland tremp,tremp
pepe,PEPE
Arnie Schwurzenegar,ARNIE
pepe,PEPE
BNB,BNB
WaveRider,WAVE
Compass SOL,compassSOL
üöÄ BULL SOL AI,üöÄBUSAI
PixelPotion,PXLPTN
pepe,PEPE
pepe,PEPE
CatWifHat ,CatWif
Solephant,Solephant
pepe,PEPE
Beluga Cat,BELUGA
Axolitl,AXO
Drop The Soap Sam,SOAP
pepe,PEPE
ROYAL,ROYAL
Bonk's Sister,BINK
PEG,PEG
The Singularity Welcoming Party,TSWP
mekil jeksun,moonwalk
The Pepsons,PEPS
Barron Tremp,BarrTremp
TREN,TREN
CROWN Token,CROWN
nubbiecat,nubbie
Mike Tython,$THAVAGE
Just Kitten,JK
pepe,PEPE
WUREN BLUEFET,BERKSHIRE
Wrapped SOL,SOL
PONKE,PONKE
Icy the Seal,ICY
pepe,PEPE
pepe,PEPE
Rex,REX
FTXRebirth,FTX
catwifbag,BAG
Nosana,NOS
I CHOOSE JAIL EVERYTIME,SBF
Nyan Cat,NYAN
ForTehCulture,FTC
DUGE,DUGE
SBF 20 YEARS,SBF2044
MAGA (Wormhole),TRUMP
SolGPT,GPT
OWLS,OWLS
 CrazyPepe,CrazyPepe
SolBox,BOX
Melon Dog,MELON
cat in a dogs world,MEW
Pep Cat,PEPCAT
Shark Cat,SC
Myro,$MYRO
Rubik's Cube,CUBE
ü§ñ  PEPPER HUMANOID AI,$PEPPER
Devour,DPAY
USDT,USDT
CUMALA HARRIS,CUM
pepe,PEPE
üêµ  Zootopia Ape AI,üêµZAAI
pepe,PEPE
pepe,PEPE
Som Bonkmon Fraud,SBF
CATGPT,CATGPT
Gold,GOLD
pepe,PEPE
pepe,PEPE
SBF In Jail,SBF
Ligma Node,LIGMA
HONEY,HONEY
DogWifBirthday,RILEY
Simon's Cat,SIMCAT
pepe,PEPE
DiCaprio,Cheers
Solpepe,SOLPEPE
"Dat Bridge Be Closed, Yo",$BSCOTT
DUGE,DUGE
üçñ Meat Hed üí™,MeatHed
Eggys Games,EGG
pepe,PEPE
DOG WIF 2.0,DOGWIF
Lurry Pink,$BlackRock
PUNDU,PUNDU
Gatsby,GATSBY
Lido Staked SOL,stSOL
Solephant,SOLLY
nubcat,nub
jeo boden,boden
PDT,PDT
Dumpling Cat,DUMPLING
SolGen,GEN
Lilliam Pumpernickel,PUMPER
Bidenwifhat,BIDEN
MeowDonalds,McCat
MOMO 2.0,MOMO
doland tremp,tremp
USD Coin,USDC
Cute Cat Parade,CCP
Anita Max Wynn,WYNN
Gerfeld,FELD
Pig Cat,PC
Machi Big Brother's dog,BOBAOPPA
FAT CAT,FATCAT
FRUDO BOGGINS,LOTR 
Negurian Prenc,SPAM
pepe,PEPE
pepe,PEPE
The Lost,LOST
SolWrite ,SOLWR
Patrick Bateman,Sigma
Arnie Schwurzenegar,ARNIE
Stanley Cup Coin,STAN
CatWifHat ,CatWif
Kishu Inu,KISHU
Axolitl,AXO
pepe,PEPE
DePlan,DPLN
Grinch Stole SOL,GRINCH
Dog Wif Birthday,RILEY
ALL ART,AART
Popcat,POPCAT
Autistic Solana Apeing Penguins,ASAP
The Singularity Welcoming Party,TSWP
SOLEPHANT,SOLLY
pepe,PEPE
BOOK OF MEME,BOME
Icy the Seal,ICY
CatCoin,CatCoin
Mike Tython,$THAVAGE
AI Dragon,ChatGPT
STUVE MINECRUFT,STUVE
Wrapped SOL,SOL
Neko On Sol,NEKO
Decimated,DIO
pepe,PEPE
The Doge NFT (Wormhole),DOG
Solama,SOLAMA
pepe,PEPE
pepe,PEPE
pepe,PEPE
HAMI,HAMI
LOLana,üòÇ
pepe,PEPE
Trumpwifhat,TRUMP
pepe,PEPE
OWLS,OWLS
Nala,NALA
rosewifhat,ROSE
 CrazyPepe,CrazyPepe
$BOBIK,BOBIK
pepe,PEPE
Shark Cat,SC
pepe,PEPE
cat in a dogs world,MEW
My Mom,MOM
Mewana,MEWA
Melon Dog,MELON
Beast Meme,XBM
Zeus,ZEUS
dogwifhat,$WIF
pepe,PEPE
SLERF,SLERF
Som Bonkmon Fraud,SBF
pepe,PEPE
USDT,USDT
pepe,PEPE
SolLlama,LLAMA
pepe,PEPE
pepe,PEPE
Wen,WEN
Bodega Cat,BCAT
Standardz & Poorz Memecoin 500,SNP
Star Atlas DAO,POLIS
SolMail,Mail
LOL,LOL
pepe,PEPE
Solpepe,SOLPEPE
DiCaprio,Cheers
üçñ Meat Hed üí™,MeatHed
Playboywifhat,PWIF
MUMU,MUMU
DUGE,DUGE
WIFRETARDIO,WIFR
Duko,DUKO
pepe,PEPE
ZEEPR,ZEEP
pepe,PEPE
Dumpling Cat,DUMPLING
pepe,PEPE
pepe,PEPE
DEMOCAT,DEMOCAT
pepe,PEPE
KIN,KIN
Hall of Retards,HOR
Raydium,RAY
USD Coin,USDC
nubcat,nub
Sikabola,sikaAI
FRYDAY,FRYDAY
SolGen,GEN
OnePixel,PXL
canwifhat,CAN
HeeeHeee,HEEHEE
Machi Big Brother's dog,BOBAOPPA
Gerfeld,FELD
RETARDIO,RETARDIO
pepe,PEPE
Danda,$Danda
Arnie Schwurzenegar,ARNIE
pepe,PEPE
SolWrite ,SOLWR
MoonBuck$,MOON$
arab cat,arab
Monkey,MONKEY
pepe,PEPE
CatWifHat ,CatWif
Red Green Blue,RGB
Pikacat ,Pikacat
Pande,PANDE
pepe,PEPE
Hunter Boden,HuntBoden
pepe,PEPE
rosewifhat,rosewifhat
Popcat,POPCAT
Catcoin,CAT
WIPER,WIPER
Samwifsoap,SOAP
Metaplex Token,MPLX
pepe,PEPE
pepe,PEPE
CAPYBARA,CAPY
Icy the Seal,ICY
Baby,BABY
WUREN BLUEFET,BERKSHIRE
Decimated,DIO
Amish Butter Cat,BUTTER
LOOPY,LOOPY
Wrapped SOL,SOL
GiraffeWifhat,GWFH
Jakewifsol,$JWS
CRYPTODYNOS,Dyn
elol mask,ELOL
Solama,SOLAMA
JERRY,JERRY
pepe,PEPE
Keyboard Cat,KCAT
pepe,PEPE
Nosana,NOS
catwifbag,BAG
pepe,PEPE
Treple Ech,HHH
pepe,PEPE
CatWifSword,PUSS
sbfwifhat,SWIF
 CrazyPepe,CrazyPepe
OWLS,OWLS
pepe,PEPE
harold,harold
rosewifhat,ROSE
Shark Cat,SC
Panda Swap,PANDA
CATWIFNUGGETS,CWIFNUG
What‚Äôs Updog?,UPDOG
Abble,AABL
ü§ñ  PEPPER HUMANOID AI,$PEPPER
dogwifhat,$WIF
BlinkyInkyPinkyClydeInu,$BIPCI
Ponk,PONK
USDT,USDT
pepe,PEPE
SLERF,SLERF
Som Bonkmon Fraud,SBF
ADLFIN,ADLFIN
neversol,never
Ligma Node,LIGMA
QuickRPC,QUICK
pepe,PEPE
SolSpend,SPEND
pepe,PEPE
ZEEPR,ZEEP
SNAP,$NAP
DUGE,DUGE
SolCard,SOLC
DiCaprio,Cheers
Modern Dog,MODERNDOG
pepe,PEPE
NubFrog,NUBFROG
Jupiter,JUP
Trumpwifhat,TRUMP
catwifcoin,CWC
Duko,DUKO
BOOK OF SBF,BSBF
jeo boden,boden
USD Coin,USDC
Dumpling Cat,DUMPLING
pepe,PEPE
üê∫ LAND WOLF AI,üê∫LWOLF
Cats Of Sol,COS
YETI,ICED
YETI,ICED
nubcat,nub
SolGen,GEN
rosewifhat,RIF
asdf,asdf
Machi Big Brother's dog,BOBAOPPA
Bludemir Potin,POTIN
Mumu the Bull,MUMU
Anita Max Wynn,WYNN
solfiles,FILES
Gerfeld,FELD
PAI (Parrot USD),PAI
pepe,PEPE
Pyth Network,PYTH
FRUDO BOGGINS,LOTR 
doland tremp,tremp
Banx,BANX
$FREDDY,$FREDDY
pepe,PEPE
CANYE,CANYE
Danda,$Danda
The Earth is Flat!,FLAT
pepe,PEPE
BLUE GATES,MICROSOFT
TeleTools,TOOL
Arnie Schwurzenegar,ARNIE
Solar Swap,SOLAR
TOP G,VENOM
Stanley Cup Coin,STAN
Kishu Inu,KISHU
pepe,PEPE
Drop The Soap Sam,SOAP
Pepe,PEPE
CatWifHat ,CatWif
GrokHarryElonShib69Inu,SHIBA
 HALAL Certified Token,HALAL
rosewifhat,rosewifhat
Leonardu DiNegro,LEONARDU
Flappy Bird,FLAPPY
The Singularity Welcoming Party,TSWP
pepe,PEPE
SPREADS AI,SPREAD
seeing double vision,Vision¬≤
adulph hidler,HIDLER
Samwifsoap,SOAP
DRUNK,$DRUNK
Baby,BABY
WUREN BLUEFET,BERKSHIRE
BOOK OF MEME,BOME
pepe,PEPE
Wrapped SOL,SOL
Icy the Seal,ICY
LOOPY,LOOPY
SolCloud,CLOUD
Dither,DITH
West Coast Dog,Snoop Dogg
BERNARD BEAR,BABE
HAMI,HAMI
Star Atlas,ATLAS
Nyan Cat,NYAN
Coroline smellison,Carol
catwifbag,BAG
CANYE,CANYE
BOBAOPPA,BOBAOPPA
DUGE,DUGE
Solbook,BOOK
SamWifJail,JAIL
OWLS,OWLS
Nala,NALA
BTR,BTR
SolDev,SolDev
 CrazyPepe,CrazyPepe
Som Bonkmon,SBF
pepe,PEPE
JERRY,JERRY
Pep Cat,PEPCAT
Shark Cat,SC
cat in a dogs world,MEW
pepe,PEPE
pepe,PEPE
SolDev,SolDev
CUMALA HARRIS,CUM
Pupu on SOL,PUPU
Pondo,PONDO
IQ50,IQ50
Blackcroc,blackcroc
Dogecoin20,DOGE20
Towitch,$TOCH
Frenk DeGawd,DeGod
dogwifhat,$WIF
Nuba Cat,NUBA
pepe,PEPE
Woman Yelling at a Cat,SMUDGECAT
USDT,USDT
pepe,PEPE
SLERF,SLERF
BadLuckBabY,BLBY
pepe,PEPE
pepe,PEPE
Som Bonkmon Fraud,SBF
KANGU,KANGU
MOONGOOSE,$MOONG
pepe,PEPE
Bonk,Bonk
This is how I win,GEM
Trumpwifhat,TRUMP
Solsend,SEND
GH0ST,GH0ST
Catoshi,CAT
pepe,PEPE
neversol,never
Ligma Node,LIGMA
"Dat Bridge Be Closed, Yo",$BSCOTT
DUGE,DUGE
pepe,PEPE
DiCaprio,Cheers
üçñ Meat Hed üí™,MeatHed
The Holy Cat,THC
pepe,PEPE
pepe,PEPE
Duko,DUKO
BOMBOCLAT,$BCLAT
Space Falcon,FCON
Frog Cat,FC
BOOK OF SBF,BSBF
Gaimin Token (Wormhole),GMRX
pepe,PEPE
Boba Oppa,BOBAOPPA
Dumpling Cat,DUMPLING
RieDog,RIE
PUNDU,PUNDU
Sem Atlman,SEM
PDT,PDT
A Toxic Masculine Wife Beater,WIFEBEATER
üê∫ LAND WOLF AI,üê∫LWOLF
USD Coin,USDC
pepe,PEPE
JAYSON TATUM TOKEN,TATUM
nubcat,nub
pepe,PEPE
SolGen,GEN
Carolien Elison,SBFexGF
DOGGO,DOGGO
YETI,ICED
DUGE,DUGE
Gerfeld,FELD
Mumu the Bull,MUMU
Machi Big Brother's dog,BOBAOPPA
Brett Simpson,BRETT
LickCat,LICK
coorlin elysoon,GRIPPY
pepe,PEPE
Cute Cat Parade,CCP
Pikacat ,Pikacat
Panda Swap,PANDA
Pig Cat,PC
Pyth Network,PYTH
TeleTools,TOOL
SolanaX,SOLX
pepe,PEPE
CUM RONALDO,CUMR
pepe,PEPE
SOLEPHANT,SOLLY
Arnie Schwurzenegar,ARNIE
Lad Wif Hat,$LIF
solanadogedoggobonkwif,SDOGE
CatWifHat ,CatWif
Drop The Soap Sam,SOAP
Monkey,MONKEY
rosewifhat,rosewifhat
SPREADS AI,SPREAD
TheCatinTheHat,$CATHAT
OhYeahYeah,YEAH
GHOZALUWIFHAT,GHOZALU
Leonardu DiNegro,LEONARDU
pepe,PEPE
pepe,PEPE
pepe,PEPE
pepe,PEPE
CAPYBARA,CAPY
Icy the Seal,ICY
LOOPY,LOOPY
Peng,PENG
BOOK OF MEME,BOME
Mike Tython,$THAVAGE
Chiba Inu,Chiba
Wrapped SOL,SOL
WUREN BLUEFET,BERKSHIRE
Treple Ech,HHH
pepe,PEPE
Matrix INU,MATRIX
OH YEAH YEAH,YEAH
WITHOUT NOSE,NONOSE
SOLBRETT,SOLBRETT
OWLS,OWLS
Solchat,CHAT
 CrazyPepe,CrazyPepe
Chiba Inu,Chiba
Myro,$MYRO
KABOSU,BOSU
pepe,PEPE
Shark Cat,SC
pepe,PEPE
Abble,AABL
Solephant,SOLLY
Pep Cat,PEPCAT
Carol-Sam Bankman Fried,CSBF
Blackcroc,blackcroc
SolDev,SolDev
Success Kid,SKID 
Pupu on SOL,PUPU
Side Eyeing Chloe,CHLOE
CUMALA HARRIS,CUM
Top MEME,TMEME
Pondo,PONDO
RatsinMC,RATSIN
Woman Yelling at a Cat,SMUDGECAT
nubfrog,NUG
dogwifhat,$WIF
pepe,PEPE
USDT,USDT
SLERF,SLERF
Bonk,Bonk
25years,25years
USDH Hubble Stablecoin,USDH
FTX,FTX
ANDY,ANDY
pepe,PEPE
UXD Stablecoin,UXD
Bodega Cat,BCAT
This is how I win,GEM
Solsend,SEND
Ligma Node,LIGMA
SBF In Jail,SBF
neversol,never
PayPaw,PAW
pepe,PEPE
DiCaprio,Cheers
DUGE,DUGE
Kenya,KENYA
JIZZ BEZOS,JIZZ
üçñ Meat Hed üí™,MeatHed
Duko,DUKO
Artrade Token,ATR
Som Bonkmon Fraud,SBF
Mog Coin,MOG
GlimmerGrove,GLMG
The Holy Cat,THC
Solstream,STREAM
WALLi,WALLi
Ben the Dog,BENDOG
Dumpling Cat,DUMPLING
RieDog,RIE
pepe,PEPE
SBFwifhat,SBFwifhat
pepe,PEPE
pepe,PEPE
SolDev,SolDev
USD Coin,USDC
Barbapapa,Barbapapa
Success Kid,SKID
nubcat,nub
YETI,ICED
SolSwipe,SWIPE
Poseidon's Kiss,POS
SolGen,GEN
Machi Big Brother's dog,BOBAOPPA
pepe,PEPE
Trumpwifhat,TRUMP
 HALAL Certified Token,HALAL
Gerfeld,FELD
Pig Cat,PC
üëëKing of Frog AI,üëëKIFROA
Apple Cat,acat
Blockbuster,$BLOCK
Telefonente,NENTE
Telefonente,NENTE
Gambol,GAMBOL
Duko,DUKO
Sol Journey,SOLJ
SLERF,SLERF
pepe,PEPE
üîó Chain Layer,CHAINLAY
nubcat,nub
BluBird,Blu
DUGE,DUGE
pepe,PEPE
GAPE LE GORILLA,GAPE
Automatic 50 Cal,BFG
USDT,USDT
Raydium,RAY
batcat,BTC
pepe,PEPE
ocelot,ocelot
CatWifHat ,CatWif
Blueprint Cat,BCAT
Albemarle,ALBEMARLE
pepe,PEPE
pepe,PEPE
Wall Street Baby,WSB
Silly Dragon,SILLY
SOLGOAT,SOLGOAT
Orca,ORCA
Hairy Putter,HAIRY
Milady,Milady
catwifbag,BAG
pepe,PEPE
Cats Of Sol,COS
SolSnap,SNAP
Pepe 2.0,PEPE2.0
ROPIUM,ROPIUM
pepe,PEPE
SOLBARA,BARA
BART,BART
doland tremp,tremp
pepe,PEPE
Shark Cat,SC
pepe,PEPE
pepe,PEPE
Tonk Inu,TONK
5Head,5HEAD
cat in a dogs world,MEW
pepe,PEPE
Som Bonkmon Fraud,SBF
Ligma Node,LIGMA
The Doge NFT (Wormhole),DOG
 CrazyPepe,CrazyPepe
Wrapped SOL,SOL
pepe,PEPE
pepe,PEPE
pepe,PEPE
Solar Swap,SOLAR
JIZZUS CHRIST,JIZZUS
Bananacat (),BCAT
pepe,PEPE
Trumpwifhat,TRUMP
pepe,PEPE
WALLi,WALLi
Cat Wif Pants,CatPants
Cody,CODY
D2,D2X
Bonk 2.0,BONK2.0
Coin Radar,RADAR
USD Coin,USDC
SolRead,$READ
pepe,PEPE
pepe,PEPE
Amish Butter Cat,BUTTER
Baby,BABY
Cats on Drugs,COD
Anonymous,ANONYMOUS
jeo boden,boden
snapwifhat,SNAPWIFHAT
Dabi The Dev,DEV
Tholana,THOL
Sol Journey,SOLJ
Machi Big Brother's dog,BOBAOPPA
yourmom,yourmom
pepe,PEPE
WerHebbenEenSerieusProbleem,WER
blu,blu
JizzLord,JIZZLORD
WriteIt,WRITEIT
FART,FART
Dogecoin20,DOGE20
"Man, I Love Frogs",MILF
CAT PEPE,CATEPE
POEPOE,POEPOE
nubcat,nub
Easter,Easter
batcat,BTC
USDT,USDT
canwifhat,CAN
4twenty,420420
pepe,PEPE
DeFi Land,DFL
Jurry,Jurry
goerg buhs,buhs
SpiderCat,SCAT
üêÅSora Hamsters,üêÅSOHA
ocelot,ocelot
Pyth Network,PYTH
üê∫ Land Wolf Wif Beer,üê∫WWB
Daumenfrosch,$daumen
GourmetToken,GUMY
CatWifHat ,CatWif
CaseOh,CASEOH
pepe,PEPE
pepe,PEPE
LURRY,LURRY
SIDEWAYS BOI,SIDEWAYBOI
Shadow Token,SHDW
Rex,REX
Inversebrah,$shid
Coincraft Bot,CC
catwifbag,BAG
Blackcroc,blackcroc
pepe,PEPE
Peng,PENG
Qinaro Inu,Qinaro
Famous Fox Federation,FOXY
pepe,PEPE
Teng Cat,TENG
Cowboy Cat,COWBOY
i dont know,IDK
Pepe 2.0,PEPE2.0
pepe,PEPE
pepe,PEPE
SolSnap,SNAP
Coffin Dance,COFFIN
PEPESEX,PEPESEX
pepe,PEPE
 Ponke,PONKE
pepe,PEPE
Klausen Art,KART
Jujutsu Catsen,CATSEN
pepe,PEPE
SolMail,Mail
SDYDMEY SWONEY,SWONEY
CAPYBARA,CAPY
Shark Cat,SC
Tom Coin,TOM
dogwifhat,$WIF
Stanley Cup Coin,STAN
cat in a dogs world,MEW
Som Bonkmon Fraud,SBF
pepe,PEPE
DiCaprio,Cheers
Success Kid,SKID 
JERRY,JERRY
Bonk,Bonk
Ligma Node,LIGMA
Wrapped Ether (Wormhole),WETH
SHITCHAT,SHITCHAT
arab cat,arab
 CrazyPepe,CrazyPepe
Wrapped SOL,SOL
Solar Swap,SOLAR
JIZZUS CHRIST,JIZZUS
pepe,PEPE
Popcat,POPCAT
DEV Live on TWITCH ,LIVETWITCH
USD Coin,USDC
Rosewifhat,RWIF
Solbook,BOOK
SLOTHANA,SLOTHANA
Coin Radar,RADAR
FLAPPI,FLAPPI
Cat Called Albert,ALBERT
Kai The Kappa,KAPPA
pepe,PEPE
Success Kid,SKID
Artrade Token,ATR
neversol,never
Amish Butter Cat,BUTTER
pepe,PEPE
pepe,PEPE
pepe,PEPE
pepe,PEPE
HAMI,HAMI
Peng,PENG
White Solana,white
dogwifhat,$WIF
SOL ON-CHAIN AI,CHAIN
Decimated,DIO
Costco Hot Dog,COST
Silly Dragon,SILLY
dubduck,dub
CatWifHat ,CatWif
Bodega Cat,BCAT
JOE BODEN,$BODEN
Family,FAM
Wen,WEN
SCROOGE MCDUCK,SMCDUCK
SolTeer,TEER
Book of Dex,$DEX
pepe,PEPE
Jupiter,JUP
pepe,PEPE
USD Coin,USDC
pepe,PEPE
SpiderCat,Spidey
Thunder Bot,THOR
Shark Cat,SC
pepe,PEPE
CUPEE,CUPEE
Wrapped Ether (Wormhole),WETH
pepe,PEPE
üìô BOOK OF FLOKI,$BOFL
Media Network,MEDIA
smolecoin,smole
Meow Of Meme,$MEME
UXD Stablecoin,UXD
UpSideDownCat,USDC
nubcat,nub
doland tremp,tremp
Leonardo DiCaprio,DiCaprio
pepe,PEPE
ELMNT,ELMNT
SolGen,GEN
CUMALA HARRIS,CUM
T-Rex,REX
Shibasso,SHIBASSO
PAI (Parrot USD),PAI
SolSnap,SNAP
Gunging Cat,GUNGING
MeowDonalds,McCat
Marinade staked SOL (mSOL),mSOL
Wrapped SOL,SOL
spookynub,SNUB
yourmom,yourmom
SolCloud,CLOUD
Myro,$MYRO
pepe,PEPE
melonia tremp,mrstremp
insta,insta
Peng,PENG
bozo,bozo
SLOTHANA,SLOTHANA
cat in a dogs world,MEW
CATO,CATO
pepe,PEPE
pepe,PEPE
Panda Coin,PANDA
JIZZUS CHRIST,JIZZUS
pepe,PEPE
SLUMP,SLUMP
Sleepless SmartAI Peacock,ü¶öSSAP
Monkey,MONKEY
WEN MOON?,MOON
Cat Wif Pants,CatPants
pepe,PEPE
pepe,PEPE
pepe,PEPE
Stanley Cup Coin,STAN
Shiba Inu,SHIB
CATZILLA,CATZ
Mewn,MEWN
üòà DOVE COIN AI,$DOVE
Only1 (LIKE),LIKE
RieDog,RIE
HAMI,HAMI
Internal Retard Service,IRS
pepe,PEPE
Franklin Wif Facial Hair,HAIRY
catwifbag,BAG
Ligma Node,LIGMA
pepe,PEPE
catwifcrown,QUEEN
Mumu the Bull,MUMU
pepe,PEPE
pepe,PEPE
nubbiecat,nubbie
batcat,BTC
ZeldaZinc,ZeldaZ
pepe,PEPE
PacCoin,PAC
LOLana,üòÇ
‚ö°Ô∏èThunder Dragon On Solana,‚ö°Ô∏èTDRA
pepe,PEPE
Catgirl,CATGIRL
Anzeigenhauptmeister,HAUPT
CthulhuCredits,Cthulh
pepe,PEPE
Catpaw,PAW
pepe,PEPE
GANGSTERZ,GANG
canwifhat,CAN
Andy,ANDY
USDT,USDT
pepe,PEPE
BLACK COQINU,BCOQ
BatFrog,BatFrog
SBFwifhat,SBFwifhat
